id,day,date,teamid,dept,product,l_id,p_id,available,allocated
812,3,2025-01-03,400919,RTL,"Bubble Milk Tea",1,3,2872,0
811,3,2025-01-03,400919,RTL,"Hot Chocolate",1,2,4707,0
810,3,2025-01-03,400919,RTL,Americano,1,1,11418,0
809,3,2025-01-03,400919,RTL,"Bubble Milk Tea",3,3,12585,0
808,3,2025-01-03,400919,RTL,"Hot Chocolate",3,2,3896,0
807,3,2025-01-03,400919,RTL,Americano,3,1,7825,0
806,3,2025-01-03,400919,RTL,"Bubble Milk Tea",4,3,4715,0
805,3,2025-01-03,400919,RTL,"Hot Chocolate",4,2,7365,0
804,3,2025-01-03,400919,RTL,"Bubble Milk Tea",5,3,7515,0
803,3,2025-01-03,400919,RTL,"Hot Chocolate",5,2,2886,0
802,3,2025-01-03,400919,RTL,Americano,5,1,2776,0
801,3,2025-01-03,400919,RTL,Americano,7,1,11675,0
800,3,2025-01-03,400919,RTL,"Bubble Milk Tea",2,3,7722,0
799,3,2025-01-03,400919,RTL,Americano,2,1,11372,0
798,3,2025-01-03,400919,RTL,"Bubble Milk Tea",6,3,7740,0
797,3,2025-01-03,400919,RTL,"Hot Chocolate",6,2,4880,0
796,3,2025-01-03,400919,RTL,Americano,6,1,2956,0
792,3,2025-01-03,400918,RTL,"Bubble Milk Tea",1,3,2886,0
791,3,2025-01-03,400918,RTL,"Hot Chocolate",1,2,4718,0
790,3,2025-01-03,400918,RTL,Americano,1,1,7442,0
789,3,2025-01-03,400918,RTL,"Bubble Milk Tea",4,3,2735,0
788,3,2025-01-03,400918,RTL,"Hot Chocolate",4,2,4377,0
787,3,2025-01-03,400918,RTL,Americano,4,1,2860,0
786,3,2025-01-03,400918,RTL,"Bubble Milk Tea",6,3,4745,0
785,3,2025-01-03,400918,RTL,"Hot Chocolate",6,2,2865,0
784,3,2025-01-03,400918,RTL,Americano,6,1,2950,0
780,3,2025-01-03,400917,RTL,"Bubble Milk Tea",6,3,4700,0
779,3,2025-01-03,400917,RTL,"Hot Chocolate",6,2,2817,0
778,3,2025-01-03,400917,RTL,Americano,6,1,933,0
777,3,2025-01-03,400917,RTL,"Bubble Milk Tea",5,3,7505,0
776,3,2025-01-03,400917,RTL,Americano,5,1,2675,0
775,3,2025-01-03,400917,RTL,"Bubble Milk Tea",2,3,714,0
774,3,2025-01-03,400917,RTL,"Hot Chocolate",2,2,820,0
773,3,2025-01-03,400917,RTL,Americano,2,1,2438,0
772,3,2025-01-03,400917,RTL,"Hot Chocolate",7,2,2693,0
771,3,2025-01-03,400917,RTL,Americano,7,1,4608,0
770,3,2025-01-03,400917,RTL,"Hot Chocolate",1,2,4366,0
769,3,2025-01-03,400917,RTL,Americano,1,1,10621,0
768,3,2025-01-03,400917,RTL,"Bubble Milk Tea",3,3,4602,0
767,3,2025-01-03,400917,RTL,Americano,3,1,720,0
908,4,2025-01-04,400919,RTL,Americano,1,1,10532,0
909,4,2025-01-04,400919,RTL,"Hot Chocolate",1,2,4347,0
910,4,2025-01-04,400919,RTL,"Bubble Milk Tea",1,3,2753,0
905,4,2025-01-04,400919,RTL,Americano,3,1,7568,0
906,4,2025-01-04,400919,RTL,"Hot Chocolate",3,2,3776,0
907,4,2025-01-04,400919,RTL,"Bubble Milk Tea",3,3,12167,0
901,4,2025-01-04,400919,RTL,"Hot Chocolate",5,2,2708,0
902,4,2025-01-04,400919,RTL,"Bubble Milk Tea",5,3,6993,0
903,4,2025-01-04,400919,RTL,"Hot Chocolate",4,2,6203,0
904,4,2025-01-04,400919,RTL,"Bubble Milk Tea",4,3,4399,0
896,4,2025-01-04,400919,RTL,"Bubble Milk Tea",6,3,7477,0
897,4,2025-01-04,400919,RTL,Americano,2,1,10738,0
898,4,2025-01-04,400919,RTL,"Bubble Milk Tea",2,3,7458,0
899,4,2025-01-04,400919,RTL,Americano,7,1,11446,0
894,4,2025-01-04,400919,RTL,Americano,6,1,2910,0
895,4,2025-01-04,400919,RTL,"Hot Chocolate",6,2,4749,0
887,4,2025-01-04,400918,RTL,"Bubble Milk Tea",1,3,2756,0
888,4,2025-01-04,400918,RTL,Americano,7,1,4749,0
889,4,2025-01-04,400918,RTL,"Hot Chocolate",7,2,2854,0
890,4,2025-01-04,400918,RTL,"Bubble Milk Tea",7,3,919,0
882,4,2025-01-04,400918,RTL,Americano,4,1,2700,0
883,4,2025-01-04,400918,RTL,"Hot Chocolate",4,2,3590,0
884,4,2025-01-04,400918,RTL,"Bubble Milk Tea",4,3,2476,0
885,4,2025-01-04,400918,RTL,Americano,1,1,6631,0
886,4,2025-01-04,400918,RTL,"Hot Chocolate",1,2,4436,0
879,4,2025-01-04,400918,RTL,Americano,6,1,2905,0
880,4,2025-01-04,400918,RTL,"Hot Chocolate",6,2,2739,0
872,4,2025-01-04,400917,RTL,"Bubble Milk Tea",5,3,6603,0
873,4,2025-01-04,400917,RTL,Americano,6,1,841,0
874,4,2025-01-04,400917,RTL,"Hot Chocolate",6,2,2565,0
875,4,2025-01-04,400917,RTL,"Bubble Milk Tea",6,3,4163,0
868,4,2025-01-04,400917,RTL,Americano,2,1,1235,0
869,4,2025-01-04,400917,RTL,"Hot Chocolate",2,2,424,0
870,4,2025-01-04,400917,RTL,"Bubble Milk Tea",2,3,181,0
871,4,2025-01-04,400917,RTL,Americano,5,1,2181,0
863,4,2025-01-04,400917,RTL,"Bubble Milk Tea",3,3,3774,0
864,4,2025-01-04,400917,RTL,Americano,1,1,21516,0
865,4,2025-01-04,400917,RTL,"Hot Chocolate",1,2,6808,0
866,4,2025-01-04,400917,RTL,Americano,7,1,4199,0
867,4,2025-01-04,400917,RTL,"Hot Chocolate",7,2,2446,0
900,4,2025-01-04,400919,RTL,Americano,5,1,2482,0
881,4,2025-01-04,400918,RTL,"Bubble Milk Tea",6,3,5463,0
862,4,2025-01-04,400917,RTL,Americano,3,1,1311,0
983,5,2025-01-05,400918,RTL,"Hot Chocolate",1,2,3800,0
981,5,2025-01-05,400918,RTL,"Bubble Milk Tea",4,3,1656,0
982,5,2025-01-05,400918,RTL,Americano,1,1,4782,0
967,5,2025-01-05,400917,RTL,"Hot Chocolate",7,2,898,0
968,5,2025-01-05,400917,RTL,"Bubble Milk Tea",2,3,287,0
980,5,2025-01-05,400918,RTL,"Hot Chocolate",4,2,3318,0
979,5,2025-01-05,400918,RTL,Americano,4,1,2774,0
978,5,2025-01-05,400918,RTL,"Bubble Milk Tea",6,3,6545,0
977,5,2025-01-05,400918,RTL,"Hot Chocolate",6,2,2960,0
976,5,2025-01-05,400918,RTL,Americano,6,1,3649,0
972,5,2025-01-05,400917,RTL,"Bubble Milk Tea",6,3,1381,0
971,5,2025-01-05,400917,RTL,"Hot Chocolate",6,2,974,0
970,5,2025-01-05,400917,RTL,Americano,6,1,125,0
969,5,2025-01-05,400917,RTL,"Bubble Milk Tea",5,3,2624,0
966,5,2025-01-05,400917,RTL,Americano,7,1,2019,0
965,5,2025-01-05,400917,RTL,"Hot Chocolate",1,2,2708,0
964,5,2025-01-05,400917,RTL,Americano,1,1,13378,0
984,5,2025-01-05,400918,RTL,"Bubble Milk Tea",1,3,2950,0
985,5,2025-01-05,400918,RTL,Americano,7,1,3306,0
986,5,2025-01-05,400918,RTL,"Hot Chocolate",7,2,2003,0
987,5,2025-01-05,400918,RTL,"Bubble Milk Tea",7,3,410,0
991,5,2025-01-05,400919,RTL,Americano,6,1,2376,0
992,5,2025-01-05,400919,RTL,"Hot Chocolate",6,2,3207,0
993,5,2025-01-05,400919,RTL,"Bubble Milk Tea",6,3,5190,0
994,5,2025-01-05,400919,RTL,Americano,2,1,7388,0
995,5,2025-01-05,400919,RTL,"Bubble Milk Tea",2,3,5590,0
996,5,2025-01-05,400919,RTL,Americano,7,1,9496,0
997,5,2025-01-05,400919,RTL,Americano,5,1,391,0
998,5,2025-01-05,400919,RTL,"Hot Chocolate",5,2,1252,0
999,5,2025-01-05,400919,RTL,"Bubble Milk Tea",5,3,3381,0
1000,5,2025-01-05,400919,RTL,"Hot Chocolate",4,2,2774,0
1001,5,2025-01-05,400919,RTL,"Bubble Milk Tea",4,3,2545,0
1002,5,2025-01-05,400919,RTL,Americano,3,1,6424,0
1003,5,2025-01-05,400919,RTL,"Hot Chocolate",3,2,3121,0
1004,5,2025-01-05,400919,RTL,"Bubble Milk Tea",3,3,9709,0
1005,5,2025-01-05,400919,RTL,Americano,1,1,6762,0
1006,5,2025-01-05,400919,RTL,"Hot Chocolate",1,2,2660,0
1007,5,2025-01-05,400919,RTL,"Bubble Milk Tea",1,3,2000,0
1056,6,2025-01-06,400917,RTL,"Bubble Milk Tea",3,3,4293,0
1057,6,2025-01-06,400917,RTL,Americano,1,1,5240,0
1058,6,2025-01-06,400917,RTL,"Hot Chocolate",1,2,1484,0
1059,6,2025-01-06,400917,RTL,Americano,7,1,2005,0
1060,6,2025-01-06,400917,RTL,"Hot Chocolate",7,2,4580,0
1061,6,2025-01-06,400917,RTL,Americano,2,1,400,0
1062,6,2025-01-06,400917,RTL,"Hot Chocolate",2,2,837,0
1063,6,2025-01-06,400917,RTL,"Bubble Milk Tea",2,3,626,0
1064,6,2025-01-06,400917,RTL,Americano,5,1,2567,0
1065,6,2025-01-06,400917,RTL,"Bubble Milk Tea",5,3,6582,0
1066,6,2025-01-06,400917,RTL,Americano,6,1,476,0
1067,6,2025-01-06,400917,RTL,"Hot Chocolate",6,2,2448,0
1068,6,2025-01-06,400917,RTL,"Bubble Milk Tea",6,3,3618,0
1072,6,2025-01-06,400918,RTL,Americano,6,1,3368,0
1073,6,2025-01-06,400918,RTL,"Hot Chocolate",6,2,2063,0
1074,6,2025-01-06,400918,RTL,"Bubble Milk Tea",6,3,4698,0
1075,6,2025-01-06,400918,RTL,Americano,4,1,4475,0
1076,6,2025-01-06,400918,RTL,"Hot Chocolate",4,2,3797,0
1077,6,2025-01-06,400918,RTL,"Bubble Milk Tea",4,3,4891,0
1078,6,2025-01-06,400918,RTL,Americano,1,1,4731,0
1079,6,2025-01-06,400918,RTL,"Hot Chocolate",1,2,4943,0
1080,6,2025-01-06,400918,RTL,"Bubble Milk Tea",1,3,5148,0
1081,6,2025-01-06,400918,RTL,Americano,7,1,6908,0
1082,6,2025-01-06,400918,RTL,"Hot Chocolate",7,2,4277,0
1083,6,2025-01-06,400918,RTL,"Bubble Milk Tea",7,3,2887,0
1087,6,2025-01-06,400919,RTL,Americano,6,1,1820,0
1088,6,2025-01-06,400919,RTL,"Hot Chocolate",6,2,1522,0
1089,6,2025-01-06,400919,RTL,"Bubble Milk Tea",6,3,3157,0
1090,6,2025-01-06,400919,RTL,"Bubble Milk Tea",2,3,3359,0
1091,6,2025-01-06,400919,RTL,Americano,7,1,6758,0
1092,6,2025-01-06,400919,RTL,"Hot Chocolate",7,2,3753,0
1093,6,2025-01-06,400919,RTL,"Bubble Milk Tea",5,3,4245,0
1094,6,2025-01-06,400919,RTL,Americano,4,1,1822,0
1095,6,2025-01-06,400919,RTL,"Hot Chocolate",4,2,4308,0
1096,6,2025-01-06,400919,RTL,"Bubble Milk Tea",4,3,5673,0
1097,6,2025-01-06,400919,RTL,Americano,3,1,4707,0
1098,6,2025-01-06,400919,RTL,"Hot Chocolate",3,2,2696,0
1099,6,2025-01-06,400919,RTL,"Bubble Milk Tea",3,3,7176,0
1100,6,2025-01-06,400919,RTL,Americano,1,1,2846,0
1101,6,2025-01-06,400919,RTL,"Hot Chocolate",1,2,939,0
1102,6,2025-01-06,400919,RTL,"Bubble Milk Tea",1,3,1229,0
1153,7,2025-01-07,400917,RTL,"Bubble Milk Tea",3,3,23194,0
1154,7,2025-01-07,400917,RTL,Americano,1,1,8391,0
1155,7,2025-01-07,400917,RTL,"Hot Chocolate",1,2,3460,0
1156,7,2025-01-07,400917,RTL,Americano,7,1,1187,0
1157,7,2025-01-07,400917,RTL,"Hot Chocolate",7,2,4158,0
1158,7,2025-01-07,400917,RTL,Americano,2,1,10716,0
1159,7,2025-01-07,400917,RTL,"Hot Chocolate",2,2,116,0
1160,7,2025-01-07,400917,RTL,"Bubble Milk Tea",2,3,709,0
1161,7,2025-01-07,400917,RTL,Americano,5,1,4583,0
1162,7,2025-01-07,400917,RTL,"Bubble Milk Tea",5,3,8243,0
1163,7,2025-01-07,400917,RTL,Americano,6,1,301,0
1164,7,2025-01-07,400917,RTL,"Hot Chocolate",6,2,2009,0
1165,7,2025-01-07,400917,RTL,"Bubble Milk Tea",6,3,2825,0
1169,7,2025-01-07,400918,RTL,Americano,6,1,6273,0
1170,7,2025-01-07,400918,RTL,"Hot Chocolate",6,2,4787,0
1171,7,2025-01-07,400918,RTL,"Bubble Milk Tea",6,3,9358,0
1172,7,2025-01-07,400918,RTL,Americano,4,1,5183,0
1173,7,2025-01-07,400918,RTL,"Hot Chocolate",4,2,5422,0
1174,7,2025-01-07,400918,RTL,"Bubble Milk Tea",4,3,5441,0
1175,7,2025-01-07,400918,RTL,Americano,1,1,3928,0
1176,7,2025-01-07,400918,RTL,"Hot Chocolate",1,2,4658,0
1177,7,2025-01-07,400918,RTL,"Bubble Milk Tea",1,3,5027,0
1178,7,2025-01-07,400918,RTL,Americano,7,1,6689,0
1179,7,2025-01-07,400918,RTL,"Hot Chocolate",7,2,4171,0
1180,7,2025-01-07,400918,RTL,"Bubble Milk Tea",7,3,2806,0
1185,7,2025-01-07,400919,RTL,Americano,6,1,1720,0
1186,7,2025-01-07,400919,RTL,"Hot Chocolate",6,2,1259,0
1187,7,2025-01-07,400919,RTL,"Bubble Milk Tea",6,3,2786,0
1188,7,2025-01-07,400919,RTL,Americano,2,1,10804,0
1189,7,2025-01-07,400919,RTL,"Bubble Milk Tea",2,3,3004,0
1190,7,2025-01-07,400919,RTL,Americano,7,1,6300,0
1191,7,2025-01-07,400919,RTL,"Hot Chocolate",7,2,3547,0
1192,7,2025-01-07,400919,RTL,Americano,5,1,440,0
1193,7,2025-01-07,400919,RTL,"Hot Chocolate",5,2,695,0
1194,7,2025-01-07,400919,RTL,"Bubble Milk Tea",5,3,6580,0
1195,7,2025-01-07,400919,RTL,Americano,4,1,1632,0
1196,7,2025-01-07,400919,RTL,"Hot Chocolate",4,2,2989,0
1197,7,2025-01-07,400919,RTL,"Bubble Milk Tea",4,3,5335,0
1198,7,2025-01-07,400919,RTL,Americano,3,1,4167,0
1199,7,2025-01-07,400919,RTL,"Hot Chocolate",3,2,2487,0
1200,7,2025-01-07,400919,RTL,"Bubble Milk Tea",3,3,6694,0
1201,7,2025-01-07,400919,RTL,Americano,1,1,13538,0
1202,7,2025-01-07,400919,RTL,"Hot Chocolate",1,2,426,0
1203,7,2025-01-07,400919,RTL,"Bubble Milk Tea",1,3,1070,0
1279,8,2025-01-08,400917,RTL,"Bubble Milk Tea",3,3,22259,0
1280,8,2025-01-08,400917,RTL,Americano,1,1,6579,0
1281,8,2025-01-08,400917,RTL,"Hot Chocolate",1,2,2339,0
1282,8,2025-01-08,400917,RTL,Americano,7,1,8396,0
1283,8,2025-01-08,400917,RTL,"Hot Chocolate",7,2,3709,0
1284,8,2025-01-08,400917,RTL,Americano,2,1,9094,0
1285,8,2025-01-08,400917,RTL,"Hot Chocolate",2,2,548,0
1286,8,2025-01-08,400917,RTL,Americano,5,1,3713,0
1287,8,2025-01-08,400917,RTL,"Bubble Milk Tea",5,3,12108,0
1288,8,2025-01-08,400917,RTL,Americano,6,1,1134,0
1289,8,2025-01-08,400917,RTL,"Hot Chocolate",6,2,4508,0
1290,8,2025-01-08,400917,RTL,"Bubble Milk Tea",6,3,6963,0
1294,8,2025-01-08,400918,RTL,Americano,6,1,10115,0
1295,8,2025-01-08,400918,RTL,"Hot Chocolate",6,2,13426,0
1296,8,2025-01-08,400918,RTL,"Bubble Milk Tea",6,3,14953,0
1297,8,2025-01-08,400918,RTL,Americano,4,1,9925,0
1298,8,2025-01-08,400918,RTL,"Hot Chocolate",4,2,7313,0
1299,8,2025-01-08,400918,RTL,"Bubble Milk Tea",4,3,8039,0
1300,8,2025-01-08,400918,RTL,Americano,1,1,22776,0
1301,8,2025-01-08,400918,RTL,"Hot Chocolate",1,2,8133,0
1302,8,2025-01-08,400918,RTL,"Bubble Milk Tea",1,3,6890,0
1303,8,2025-01-08,400918,RTL,Americano,7,1,11254,0
1304,8,2025-01-08,400918,RTL,"Hot Chocolate",7,2,6991,0
1305,8,2025-01-08,400918,RTL,"Bubble Milk Tea",7,3,3715,0
1309,8,2025-01-08,400919,RTL,Americano,6,1,2622,0
1310,8,2025-01-08,400919,RTL,"Hot Chocolate",6,2,3983,0
1311,8,2025-01-08,400919,RTL,"Bubble Milk Tea",6,3,10429,0
1312,8,2025-01-08,400919,RTL,Americano,2,1,9739,0
1313,8,2025-01-08,400919,RTL,"Bubble Milk Tea",2,3,2719,0
1314,8,2025-01-08,400919,RTL,Americano,7,1,5784,0
1315,8,2025-01-08,400919,RTL,"Hot Chocolate",7,2,3325,0
1316,8,2025-01-08,400919,RTL,Americano,5,1,3017,0
1317,8,2025-01-08,400919,RTL,"Hot Chocolate",5,2,3429,0
1318,8,2025-01-08,400919,RTL,"Bubble Milk Tea",5,3,6987,0
1319,8,2025-01-08,400919,RTL,Americano,4,1,1479,0
1320,8,2025-01-08,400919,RTL,"Hot Chocolate",4,2,2072,0
1321,8,2025-01-08,400919,RTL,"Bubble Milk Tea",4,3,5045,0
1322,8,2025-01-08,400919,RTL,Americano,3,1,3638,0
1323,8,2025-01-08,400919,RTL,"Hot Chocolate",3,2,2318,0
1324,8,2025-01-08,400919,RTL,"Bubble Milk Tea",3,3,11264,0
1325,8,2025-01-08,400919,RTL,Americano,1,1,12192,0
1326,8,2025-01-08,400919,RTL,"Hot Chocolate",1,2,7701,0
1327,8,2025-01-08,400919,RTL,"Bubble Milk Tea",1,3,805,0
1361,9,2025-01-09,400917,RTL,"Bubble Milk Tea",3,3,19710,0
1362,9,2025-01-09,400917,RTL,Americano,1,1,404,0
1363,9,2025-01-09,400917,RTL,Americano,7,1,6029,0
1364,9,2025-01-09,400917,RTL,"Hot Chocolate",7,2,2346,0
1365,9,2025-01-09,400917,RTL,Americano,2,1,5291,0
1366,9,2025-01-09,400917,RTL,"Bubble Milk Tea",2,3,1066,0
1367,9,2025-01-09,400917,RTL,Americano,5,1,1647,0
1368,9,2025-01-09,400917,RTL,"Bubble Milk Tea",5,3,9384,0
1369,9,2025-01-09,400917,RTL,Americano,6,1,434,0
1370,9,2025-01-09,400917,RTL,"Hot Chocolate",6,2,2907,0
1371,9,2025-01-09,400917,RTL,"Bubble Milk Tea",6,3,4391,0
1372,9,2025-01-09,400917,RTL,"Hot Chocolate",4,2,9337,0
1376,9,2025-01-09,400918,RTL,Americano,6,1,9571,0
1377,9,2025-01-09,400918,RTL,"Hot Chocolate",6,2,12136,0
1378,9,2025-01-09,400918,RTL,"Bubble Milk Tea",6,3,13345,0
1379,9,2025-01-09,400918,RTL,Americano,4,1,8983,0
1380,9,2025-01-09,400918,RTL,"Hot Chocolate",4,2,3249,0
1381,9,2025-01-09,400918,RTL,"Bubble Milk Tea",4,3,6622,0
1382,9,2025-01-09,400918,RTL,Americano,1,1,17368,0
1383,9,2025-01-09,400918,RTL,"Hot Chocolate",1,2,5512,0
1384,9,2025-01-09,400918,RTL,"Bubble Milk Tea",1,3,6271,0
1385,9,2025-01-09,400918,RTL,Americano,7,1,9330,0
1386,9,2025-01-09,400918,RTL,"Hot Chocolate",7,2,6027,0
1387,9,2025-01-09,400918,RTL,"Bubble Milk Tea",7,3,3334,0
1388,9,2025-01-09,400918,RTL,Americano,2,1,6056,0
1389,9,2025-01-09,400918,RTL,"Hot Chocolate",2,2,2720,0
1390,9,2025-01-09,400918,RTL,"Bubble Milk Tea",2,3,4121,0
1391,9,2025-01-09,400918,RTL,Americano,3,1,4281,0
1392,9,2025-01-09,400918,RTL,"Hot Chocolate",3,2,2730,0
1393,9,2025-01-09,400918,RTL,"Bubble Milk Tea",3,3,6640,0
1394,9,2025-01-09,400918,RTL,Americano,5,1,2314,0
1395,9,2025-01-09,400918,RTL,"Hot Chocolate",5,2,4662,0
1396,9,2025-01-09,400918,RTL,"Bubble Milk Tea",5,3,3421,0
1400,9,2025-01-09,400919,RTL,Americano,6,1,1806,0
1401,9,2025-01-09,400919,RTL,"Hot Chocolate",6,2,1986,0
1402,9,2025-01-09,400919,RTL,"Bubble Milk Tea",6,3,7976,0
1403,9,2025-01-09,400919,RTL,Americano,2,1,5455,0
1404,9,2025-01-09,400919,RTL,"Hot Chocolate",2,2,4002,0
1405,9,2025-01-09,400919,RTL,"Bubble Milk Tea",2,3,1328,0
1406,9,2025-01-09,400919,RTL,Americano,7,1,3199,0
1407,9,2025-01-09,400919,RTL,"Hot Chocolate",7,2,2013,0
1408,9,2025-01-09,400919,RTL,Americano,5,1,546,0
1409,9,2025-01-09,400919,RTL,"Hot Chocolate",5,2,2173,0
1410,9,2025-01-09,400919,RTL,"Bubble Milk Tea",5,3,3972,0
1411,9,2025-01-09,400919,RTL,Americano,4,1,407,0
1412,9,2025-01-09,400919,RTL,"Bubble Milk Tea",4,3,3273,0
1413,9,2025-01-09,400919,RTL,Americano,3,1,1468,0
1414,9,2025-01-09,400919,RTL,"Hot Chocolate",3,2,1263,0
1415,9,2025-01-09,400919,RTL,"Bubble Milk Tea",3,3,8794,0
1416,9,2025-01-09,400919,RTL,Americano,1,1,5676,0
1417,9,2025-01-09,400919,RTL,"Hot Chocolate",1,2,4361,0
1458,10,2025-01-10,400917,RTL,"Bubble Milk Tea",3,3,17005,0
1459,10,2025-01-10,400917,RTL,Americano,1,1,5808,0
1460,10,2025-01-10,400917,RTL,"Hot Chocolate",1,2,3892,0
1461,10,2025-01-10,400917,RTL,Americano,7,1,3589,0
1462,10,2025-01-10,400917,RTL,"Hot Chocolate",7,2,930,0
1463,10,2025-01-10,400917,RTL,Americano,2,1,1457,0
1464,10,2025-01-10,400917,RTL,"Bubble Milk Tea",5,3,6432,0
1465,10,2025-01-10,400917,RTL,"Hot Chocolate",6,2,817,0
1466,10,2025-01-10,400917,RTL,"Bubble Milk Tea",6,3,1581,0
1467,10,2025-01-10,400917,RTL,"Hot Chocolate",4,2,5576,0
1468,10,2025-01-10,400917,RTL,"Bubble Milk Tea",4,3,941,0
1472,10,2025-01-10,400918,RTL,Americano,6,1,9019,0
1473,10,2025-01-10,400918,RTL,"Hot Chocolate",6,2,10906,0
1474,10,2025-01-10,400918,RTL,"Bubble Milk Tea",6,3,11841,0
1475,10,2025-01-10,400918,RTL,Americano,4,1,8025,0
1476,10,2025-01-10,400918,RTL,"Hot Chocolate",4,2,3833,0
1477,10,2025-01-10,400918,RTL,"Bubble Milk Tea",4,3,6535,0
1478,10,2025-01-10,400918,RTL,Americano,1,1,11572,0
1479,10,2025-01-10,400918,RTL,"Hot Chocolate",1,2,2788,0
1480,10,2025-01-10,400918,RTL,"Bubble Milk Tea",1,3,5212,0
1481,10,2025-01-10,400918,RTL,Americano,7,1,6565,0
1482,10,2025-01-10,400918,RTL,"Hot Chocolate",7,2,4567,0
1483,10,2025-01-10,400918,RTL,"Bubble Milk Tea",7,3,2616,0
1484,10,2025-01-10,400918,RTL,Americano,2,1,2716,0
1485,10,2025-01-10,400918,RTL,"Hot Chocolate",2,2,2124,0
1486,10,2025-01-10,400918,RTL,"Bubble Milk Tea",2,3,3202,0
1487,10,2025-01-10,400918,RTL,Americano,3,1,2794,0
1488,10,2025-01-10,400918,RTL,"Hot Chocolate",3,2,2277,0
1489,10,2025-01-10,400918,RTL,"Bubble Milk Tea",3,3,5294,0
1490,10,2025-01-10,400918,RTL,Americano,5,1,801,0
1491,10,2025-01-10,400918,RTL,"Hot Chocolate",5,2,3999,0
1492,10,2025-01-10,400918,RTL,"Bubble Milk Tea",5,3,1753,0
1496,10,2025-01-10,400919,RTL,Americano,6,1,3772,0
1497,10,2025-01-10,400919,RTL,"Hot Chocolate",6,2,7634,0
1498,10,2025-01-10,400919,RTL,"Bubble Milk Tea",6,3,10255,0
1499,10,2025-01-10,400919,RTL,Americano,2,1,5466,0
1500,10,2025-01-10,400919,RTL,"Hot Chocolate",2,2,2536,0
1501,10,2025-01-10,400919,RTL,Americano,7,1,4564,0
1502,10,2025-01-10,400919,RTL,"Hot Chocolate",7,2,56,0
1503,10,2025-01-10,400919,RTL,Americano,5,1,807,0
1504,10,2025-01-10,400919,RTL,"Hot Chocolate",5,2,1732,0
1505,10,2025-01-10,400919,RTL,"Bubble Milk Tea",5,3,833,0
1506,10,2025-01-10,400919,RTL,"Bubble Milk Tea",4,3,1435,0
1507,10,2025-01-10,400919,RTL,"Hot Chocolate",3,2,22,0
1508,10,2025-01-10,400919,RTL,"Bubble Milk Tea",3,3,5843,0
1509,10,2025-01-10,400919,RTL,"Hot Chocolate",1,2,200,0
1556,11,2025-01-11,400917,RTL,Americano,3,1,2214,0
1557,11,2025-01-11,400917,RTL,"Bubble Milk Tea",3,3,16064,0
1558,11,2025-01-11,400917,RTL,Americano,1,1,2376,0
1559,11,2025-01-11,400917,RTL,"Hot Chocolate",1,2,2034,0
1560,11,2025-01-11,400917,RTL,Americano,7,1,2722,0
1561,11,2025-01-11,400917,RTL,"Hot Chocolate",7,2,404,0
1562,11,2025-01-11,400917,RTL,Americano,2,1,815,0
1563,11,2025-01-11,400917,RTL,"Hot Chocolate",2,2,670,0
1564,11,2025-01-11,400917,RTL,"Bubble Milk Tea",2,3,185,0
1565,11,2025-01-11,400917,RTL,Americano,5,1,2197,0
1566,11,2025-01-11,400917,RTL,"Bubble Milk Tea",5,3,17205,0
1567,11,2025-01-11,400917,RTL,"Bubble Milk Tea",6,3,446,0
1568,11,2025-01-11,400917,RTL,"Hot Chocolate",4,2,3984,0
1569,11,2025-01-11,400917,RTL,"Bubble Milk Tea",4,3,242,0
1573,11,2025-01-11,400918,RTL,Americano,6,1,8824,0
1574,11,2025-01-11,400918,RTL,"Hot Chocolate",6,2,10511,0
1575,11,2025-01-11,400918,RTL,"Bubble Milk Tea",6,3,11391,0
1576,11,2025-01-11,400918,RTL,Americano,4,1,7674,0
1577,11,2025-01-11,400918,RTL,"Hot Chocolate",4,2,2612,0
1578,11,2025-01-11,400918,RTL,"Bubble Milk Tea",4,3,6223,0
1579,11,2025-01-11,400918,RTL,Americano,1,1,10044,0
1580,11,2025-01-11,400918,RTL,"Hot Chocolate",1,2,2142,0
1581,11,2025-01-11,400918,RTL,"Bubble Milk Tea",1,3,5007,0
1582,11,2025-01-11,400918,RTL,Americano,7,1,5789,0
1583,11,2025-01-11,400918,RTL,"Hot Chocolate",7,2,4040,0
1584,11,2025-01-11,400918,RTL,"Bubble Milk Tea",7,3,2432,0
1585,11,2025-01-11,400918,RTL,Americano,2,1,7033,0
1586,11,2025-01-11,400918,RTL,"Hot Chocolate",2,2,2993,0
1587,11,2025-01-11,400918,RTL,"Bubble Milk Tea",2,3,5969,0
1588,11,2025-01-11,400918,RTL,Americano,3,1,2530,0
1589,11,2025-01-11,400918,RTL,"Hot Chocolate",3,2,2143,0
1590,11,2025-01-11,400918,RTL,"Bubble Milk Tea",3,3,5023,0
1591,11,2025-01-11,400918,RTL,Americano,5,1,575,0
1592,11,2025-01-11,400918,RTL,"Hot Chocolate",5,2,3920,0
1593,11,2025-01-11,400918,RTL,"Bubble Milk Tea",5,3,1372,0
1597,11,2025-01-11,400919,RTL,Americano,6,1,11449,0
1598,11,2025-01-11,400919,RTL,"Hot Chocolate",6,2,11939,0
1599,11,2025-01-11,400919,RTL,"Bubble Milk Tea",6,3,9414,0
1600,11,2025-01-11,400919,RTL,Americano,2,1,3584,0
1601,11,2025-01-11,400919,RTL,"Hot Chocolate",2,2,2134,0
1602,11,2025-01-11,400919,RTL,Americano,7,1,3483,0
1603,11,2025-01-11,400919,RTL,Americano,5,1,2947,0
1604,11,2025-01-11,400919,RTL,"Hot Chocolate",5,2,4365,0
1605,11,2025-01-11,400919,RTL,"Bubble Milk Tea",5,3,4793,0
1606,11,2025-01-11,400919,RTL,"Bubble Milk Tea",4,3,806,0
1607,11,2025-01-11,400919,RTL,"Bubble Milk Tea",3,3,4860,0
1649,12,2025-01-12,400917,RTL,Americano,3,1,1459,0
1650,12,2025-01-12,400917,RTL,"Bubble Milk Tea",3,3,15007,0
1651,12,2025-01-12,400917,RTL,Americano,1,1,6990,0
1652,12,2025-01-12,400917,RTL,"Hot Chocolate",1,2,107,0
1653,12,2025-01-12,400917,RTL,Americano,7,1,1852,0
1654,12,2025-01-12,400917,RTL,Americano,2,1,2095,0
1655,12,2025-01-12,400917,RTL,"Hot Chocolate",2,2,1344,0
1656,12,2025-01-12,400917,RTL,"Bubble Milk Tea",2,3,2254,0
1657,12,2025-01-12,400917,RTL,Americano,5,1,1445,0
1658,12,2025-01-12,400917,RTL,"Bubble Milk Tea",5,3,16016,0
1659,12,2025-01-12,400917,RTL,"Hot Chocolate",4,2,2408,0
1660,12,2025-01-12,400917,RTL,"Bubble Milk Tea",4,3,7507,0
1664,12,2025-01-12,400918,RTL,Americano,6,1,8626,0
1665,12,2025-01-12,400918,RTL,"Hot Chocolate",6,2,10059,0
1666,12,2025-01-12,400918,RTL,"Bubble Milk Tea",6,3,10920,0
1667,12,2025-01-12,400918,RTL,Americano,4,1,7309,0
1668,12,2025-01-12,400918,RTL,"Hot Chocolate",4,2,1534,0
1669,12,2025-01-12,400918,RTL,"Bubble Milk Tea",4,3,5899,0
1670,12,2025-01-12,400918,RTL,Americano,1,1,8448,0
1671,12,2025-01-12,400918,RTL,"Hot Chocolate",1,2,1472,0
1672,12,2025-01-12,400918,RTL,"Bubble Milk Tea",1,3,4797,0
1673,12,2025-01-12,400918,RTL,Americano,7,1,5029,0
1674,12,2025-01-12,400918,RTL,"Hot Chocolate",7,2,3433,0
1675,12,2025-01-12,400918,RTL,"Bubble Milk Tea",7,3,2276,0
1676,12,2025-01-12,400918,RTL,Americano,2,1,6425,0
1677,12,2025-01-12,400918,RTL,"Hot Chocolate",2,2,2868,0
1678,12,2025-01-12,400918,RTL,"Bubble Milk Tea",2,3,5753,0
1679,12,2025-01-12,400918,RTL,Americano,3,1,5298,0
1680,12,2025-01-12,400918,RTL,"Hot Chocolate",3,2,2989,0
1681,12,2025-01-12,400918,RTL,"Bubble Milk Tea",3,3,5712,0
1682,12,2025-01-12,400918,RTL,Americano,5,1,3379,0
1683,12,2025-01-12,400918,RTL,"Hot Chocolate",5,2,4849,0
1684,12,2025-01-12,400918,RTL,"Bubble Milk Tea",5,3,6033,0
1688,12,2025-01-12,400919,RTL,Americano,6,1,11088,0
1689,12,2025-01-12,400919,RTL,"Hot Chocolate",6,2,11066,0
1690,12,2025-01-12,400919,RTL,"Bubble Milk Tea",6,3,8492,0
1691,12,2025-01-12,400919,RTL,Americano,2,1,1638,0
1692,12,2025-01-12,400919,RTL,"Hot Chocolate",2,2,1749,0
1693,12,2025-01-12,400919,RTL,Americano,7,1,7384,0
1694,12,2025-01-12,400919,RTL,Americano,5,1,2064,0
1695,12,2025-01-12,400919,RTL,"Hot Chocolate",5,2,3974,0
1696,12,2025-01-12,400919,RTL,"Bubble Milk Tea",5,3,3634,0
1697,12,2025-01-12,400919,RTL,"Bubble Milk Tea",4,3,177,0
1698,12,2025-01-12,400919,RTL,"Bubble Milk Tea",3,3,11917,0
1737,13,2025-01-13,400917,RTL,Americano,3,1,691,0
1738,13,2025-01-13,400917,RTL,"Bubble Milk Tea",3,3,13989,0
1739,13,2025-01-13,400917,RTL,Americano,1,1,16234,0
1740,13,2025-01-13,400917,RTL,"Hot Chocolate",1,2,6528,0
1741,13,2025-01-13,400917,RTL,Americano,7,1,8996,0
1742,13,2025-01-13,400917,RTL,"Hot Chocolate",7,2,4486,0
1743,13,2025-01-13,400917,RTL,Americano,2,1,365,0
1744,13,2025-01-13,400917,RTL,"Hot Chocolate",2,2,937,0
1745,13,2025-01-13,400917,RTL,"Bubble Milk Tea",2,3,1326,0
1746,13,2025-01-13,400917,RTL,Americano,5,1,699,0
1747,13,2025-01-13,400917,RTL,"Bubble Milk Tea",5,3,14861,0
1748,13,2025-01-13,400917,RTL,Americano,6,1,2658,0
1749,13,2025-01-13,400917,RTL,"Hot Chocolate",6,2,2084,0
1750,13,2025-01-13,400917,RTL,"Bubble Milk Tea",6,3,1940,0
1751,13,2025-01-13,400917,RTL,"Hot Chocolate",4,2,9069,0
1752,13,2025-01-13,400917,RTL,"Bubble Milk Tea",4,3,6847,0
1756,13,2025-01-13,400918,RTL,Americano,6,1,8471,0
1757,13,2025-01-13,400918,RTL,"Hot Chocolate",6,2,9687,0
1758,13,2025-01-13,400918,RTL,"Bubble Milk Tea",6,3,10463,0
1759,13,2025-01-13,400918,RTL,Americano,4,1,7053,0
1760,13,2025-01-13,400918,RTL,"Hot Chocolate",4,2,8619,0
1761,13,2025-01-13,400918,RTL,"Bubble Milk Tea",4,3,5560,0
1762,13,2025-01-13,400918,RTL,Americano,1,1,6632,0
1763,13,2025-01-13,400918,RTL,"Hot Chocolate",1,2,482,0
1764,13,2025-01-13,400918,RTL,"Bubble Milk Tea",1,3,4529,0
1765,13,2025-01-13,400918,RTL,Americano,7,1,4195,0
1766,13,2025-01-13,400918,RTL,"Hot Chocolate",7,2,2852,0
1767,13,2025-01-13,400918,RTL,"Bubble Milk Tea",7,3,2090,0
1768,13,2025-01-13,400918,RTL,Americano,2,1,5416,0
1769,13,2025-01-13,400918,RTL,"Hot Chocolate",2,2,2597,0
1770,13,2025-01-13,400918,RTL,"Bubble Milk Tea",2,3,5274,0
1771,13,2025-01-13,400918,RTL,Americano,3,1,5063,0
1772,13,2025-01-13,400918,RTL,"Hot Chocolate",3,2,2841,0
1773,13,2025-01-13,400918,RTL,"Bubble Milk Tea",3,3,5433,0
1774,13,2025-01-13,400918,RTL,Americano,5,1,3162,0
1775,13,2025-01-13,400918,RTL,"Hot Chocolate",5,2,4774,0
1776,13,2025-01-13,400918,RTL,"Bubble Milk Tea",5,3,5687,0
1780,13,2025-01-13,400919,RTL,Americano,6,1,10807,0
1781,13,2025-01-13,400919,RTL,"Hot Chocolate",6,2,10330,0
1782,13,2025-01-13,400919,RTL,"Bubble Milk Tea",6,3,7586,0
1783,13,2025-01-13,400919,RTL,"Hot Chocolate",2,2,1382,0
1784,13,2025-01-13,400919,RTL,Americano,7,1,6229,0
1785,13,2025-01-13,400919,RTL,Americano,5,1,2181,0
1786,13,2025-01-13,400919,RTL,"Hot Chocolate",5,2,4603,0
1787,13,2025-01-13,400919,RTL,"Bubble Milk Tea",5,3,3548,0
1788,13,2025-01-13,400919,RTL,Americano,4,1,2561,0
1789,13,2025-01-13,400919,RTL,"Hot Chocolate",4,2,6494,0
1790,13,2025-01-13,400919,RTL,"Bubble Milk Tea",4,3,4534,0
1791,13,2025-01-13,400919,RTL,"Bubble Milk Tea",3,3,10965,0
1792,13,2025-01-13,400919,RTL,Americano,1,1,9615,0
1793,13,2025-01-13,400919,RTL,"Hot Chocolate",1,2,3478,0
1794,13,2025-01-13,400919,RTL,"Bubble Milk Tea",1,3,2450,0
1846,14,2025-01-14,400917,RTL,Americano,3,1,2827,0
1847,14,2025-01-14,400917,RTL,"Bubble Milk Tea",3,3,12979,0
1848,14,2025-01-14,400917,RTL,Americano,1,1,21585,0
1849,14,2025-01-14,400917,RTL,"Hot Chocolate",1,2,9839,0
1850,14,2025-01-14,400917,RTL,Americano,7,1,8162,0
1851,14,2025-01-14,400917,RTL,"Hot Chocolate",7,2,3963,0
1852,14,2025-01-14,400917,RTL,Americano,2,1,10803,0
1853,14,2025-01-14,400917,RTL,"Hot Chocolate",2,2,3530,0
1854,14,2025-01-14,400917,RTL,"Bubble Milk Tea",2,3,1539,0
1855,14,2025-01-14,400917,RTL,"Bubble Milk Tea",5,3,13706,0
1856,14,2025-01-14,400917,RTL,Americano,6,1,3321,0
1857,14,2025-01-14,400917,RTL,"Hot Chocolate",6,2,4160,0
1858,14,2025-01-14,400917,RTL,"Bubble Milk Tea",6,3,3852,0
1859,14,2025-01-14,400917,RTL,"Hot Chocolate",4,2,7699,0
1860,14,2025-01-14,400917,RTL,"Bubble Milk Tea",4,3,6167,0
1864,14,2025-01-14,400918,RTL,Americano,6,1,8310,0
1865,14,2025-01-14,400918,RTL,"Hot Chocolate",6,2,9329,0
1866,14,2025-01-14,400918,RTL,"Bubble Milk Tea",6,3,10017,0
1867,14,2025-01-14,400918,RTL,Americano,4,1,6731,0
1868,14,2025-01-14,400918,RTL,"Hot Chocolate",4,2,7127,0
1869,14,2025-01-14,400918,RTL,"Bubble Milk Tea",4,3,5104,0
1870,14,2025-01-14,400918,RTL,Americano,1,1,7383,0
1871,14,2025-01-14,400918,RTL,"Hot Chocolate",1,2,2248,0
1872,14,2025-01-14,400918,RTL,"Bubble Milk Tea",1,3,5095,0
1873,14,2025-01-14,400918,RTL,Americano,7,1,6412,0
1874,14,2025-01-14,400918,RTL,"Hot Chocolate",7,2,5285,0
1875,14,2025-01-14,400918,RTL,"Bubble Milk Tea",7,3,2890,0
1876,14,2025-01-14,400918,RTL,Americano,2,1,4348,0
1877,14,2025-01-14,400918,RTL,"Hot Chocolate",2,2,2355,0
1878,14,2025-01-14,400918,RTL,"Bubble Milk Tea",2,3,4890,0
1879,14,2025-01-14,400918,RTL,Americano,3,1,4757,0
1880,14,2025-01-14,400918,RTL,"Hot Chocolate",3,2,2666,0
1881,14,2025-01-14,400918,RTL,"Bubble Milk Tea",3,3,5162,0
1882,14,2025-01-14,400918,RTL,Americano,5,1,2964,0
1883,14,2025-01-14,400918,RTL,"Hot Chocolate",5,2,4669,0
1884,14,2025-01-14,400918,RTL,"Bubble Milk Tea",5,3,5336,0
1888,14,2025-01-14,400919,RTL,Americano,6,1,10529,0
1889,14,2025-01-14,400919,RTL,"Hot Chocolate",6,2,9599,0
1890,14,2025-01-14,400919,RTL,"Bubble Milk Tea",6,3,6701,0
1891,14,2025-01-14,400919,RTL,Americano,2,1,10118,0
1892,14,2025-01-14,400919,RTL,"Hot Chocolate",2,2,953,0
1893,14,2025-01-14,400919,RTL,"Bubble Milk Tea",2,3,4314,0
1894,14,2025-01-14,400919,RTL,Americano,7,1,5074,0
1895,14,2025-01-14,400919,RTL,Americano,5,1,1329,0
1896,14,2025-01-14,400919,RTL,"Hot Chocolate",5,2,4229,0
1897,14,2025-01-14,400919,RTL,"Bubble Milk Tea",5,3,2407,0
1898,14,2025-01-14,400919,RTL,Americano,4,1,2116,0
1899,14,2025-01-14,400919,RTL,"Hot Chocolate",4,2,5094,0
1900,14,2025-01-14,400919,RTL,"Bubble Milk Tea",4,3,3905,0
1901,14,2025-01-14,400919,RTL,"Bubble Milk Tea",3,3,10061,0
1902,14,2025-01-14,400919,RTL,Americano,1,1,7049,0
1903,14,2025-01-14,400919,RTL,"Hot Chocolate",1,2,1874,0
1904,14,2025-01-14,400919,RTL,"Bubble Milk Tea",1,3,1938,0
1946,15,2025-01-15,400917,RTL,Americano,3,1,161,0
1947,15,2025-01-15,400917,RTL,"Bubble Milk Tea",3,3,9741,0
1948,15,2025-01-15,400917,RTL,Americano,1,1,12255,0
1949,15,2025-01-15,400917,RTL,"Hot Chocolate",1,2,4694,0
1950,15,2025-01-15,400917,RTL,Americano,7,1,4494,0
1951,15,2025-01-15,400917,RTL,"Hot Chocolate",7,2,1364,0
1952,15,2025-01-15,400917,RTL,Americano,2,1,5572,0
1953,15,2025-01-15,400917,RTL,"Hot Chocolate",2,2,1785,0
1954,15,2025-01-15,400917,RTL,"Bubble Milk Tea",5,3,9848,0
1955,15,2025-01-15,400917,RTL,Americano,6,1,1788,0
1956,15,2025-01-15,400917,RTL,"Hot Chocolate",6,2,1062,0
1957,15,2025-01-15,400917,RTL,"Bubble Milk Tea",6,3,247,0
1958,15,2025-01-15,400917,RTL,"Hot Chocolate",4,2,3400,0
1959,15,2025-01-15,400917,RTL,"Bubble Milk Tea",4,3,3729,0
1963,15,2025-01-15,400918,RTL,Americano,6,1,7629,0
1964,15,2025-01-15,400918,RTL,"Hot Chocolate",6,2,7769,0
1965,15,2025-01-15,400918,RTL,"Bubble Milk Tea",6,3,8236,0
1966,15,2025-01-15,400918,RTL,Americano,4,1,5141,0
1967,15,2025-01-15,400918,RTL,"Hot Chocolate",4,2,1725,0
1968,15,2025-01-15,400918,RTL,"Bubble Milk Tea",4,3,3253,0
1969,15,2025-01-15,400918,RTL,"Bubble Milk Tea",1,3,3255,0
1970,15,2025-01-15,400918,RTL,Americano,7,1,2750,0
1971,15,2025-01-15,400918,RTL,"Hot Chocolate",7,2,2860,0
1972,15,2025-01-15,400918,RTL,"Bubble Milk Tea",7,3,2006,0
1973,15,2025-01-15,400918,RTL,Americano,2,1,7335,0
1974,15,2025-01-15,400918,RTL,"Hot Chocolate",2,2,2158,0
1975,15,2025-01-15,400918,RTL,"Bubble Milk Tea",2,3,6140,0
1976,15,2025-01-15,400918,RTL,Americano,3,1,3891,0
1977,15,2025-01-15,400918,RTL,"Hot Chocolate",3,2,2583,0
1978,15,2025-01-15,400918,RTL,"Bubble Milk Tea",3,3,6259,0
1979,15,2025-01-15,400918,RTL,Americano,5,1,724,0
1980,15,2025-01-15,400918,RTL,"Hot Chocolate",5,2,3921,0
1981,15,2025-01-15,400918,RTL,"Bubble Milk Tea",5,3,3130,0
1985,15,2025-01-15,400919,RTL,Americano,6,1,9347,0
1986,15,2025-01-15,400919,RTL,"Hot Chocolate",6,2,7114,0
1987,15,2025-01-15,400919,RTL,"Bubble Milk Tea",6,3,3330,0
1988,15,2025-01-15,400919,RTL,Americano,2,1,4336,0
1989,15,2025-01-15,400919,RTL,"Bubble Milk Tea",2,3,1863,0
1990,15,2025-01-15,400919,RTL,Americano,7,1,1286,0
1991,15,2025-01-15,400919,RTL,"Hot Chocolate",5,2,2391,0
1992,15,2025-01-15,400919,RTL,Americano,4,1,627,0
1993,15,2025-01-15,400919,RTL,"Hot Chocolate",4,2,220,0
1994,15,2025-01-15,400919,RTL,"Bubble Milk Tea",4,3,1918,0
1995,15,2025-01-15,400919,RTL,"Bubble Milk Tea",3,3,6710,0
2053,16,2025-01-16,400917,RTL,Americano,3,1,1657,0
2054,16,2025-01-16,400917,RTL,"Bubble Milk Tea",3,3,5340,0
2055,16,2025-01-16,400917,RTL,Americano,1,1,42871,0
2056,16,2025-01-16,400917,RTL,"Hot Chocolate",1,2,9856,0
2057,16,2025-01-16,400917,RTL,Americano,7,1,2797,0
2058,16,2025-01-16,400917,RTL,"Hot Chocolate",7,2,1028,0
2059,16,2025-01-16,400917,RTL,"Bubble Milk Tea",2,3,4422,0
2060,16,2025-01-16,400917,RTL,"Bubble Milk Tea",5,3,16880,0
2061,16,2025-01-16,400917,RTL,"Hot Chocolate",6,2,93,0
2062,16,2025-01-16,400917,RTL,"Bubble Milk Tea",6,3,682,0
2063,16,2025-01-16,400917,RTL,"Hot Chocolate",4,2,10387,0
2064,16,2025-01-16,400917,RTL,"Bubble Milk Tea",4,3,330,0
2068,16,2025-01-16,400918,RTL,Americano,6,1,6439,0
2069,16,2025-01-16,400918,RTL,"Hot Chocolate",6,2,4808,0
2070,16,2025-01-16,400918,RTL,"Bubble Milk Tea",6,3,4620,0
2071,16,2025-01-16,400918,RTL,Americano,4,1,3952,0
2072,16,2025-01-16,400918,RTL,"Bubble Milk Tea",4,3,3605,0
2073,16,2025-01-16,400918,RTL,"Bubble Milk Tea",1,3,1724,0
2074,16,2025-01-16,400918,RTL,Americano,7,1,6177,0
2075,16,2025-01-16,400918,RTL,"Hot Chocolate",7,2,2812,0
2076,16,2025-01-16,400918,RTL,"Bubble Milk Tea",7,3,3736,0
2077,16,2025-01-16,400918,RTL,"Hot Chocolate",2,2,524,0
2078,16,2025-01-16,400918,RTL,"Bubble Milk Tea",2,3,3776,0
2079,16,2025-01-16,400918,RTL,Americano,3,1,1455,0
2080,16,2025-01-16,400918,RTL,"Hot Chocolate",3,2,1069,0
2081,16,2025-01-16,400918,RTL,"Bubble Milk Tea",3,3,3795,0
2082,16,2025-01-16,400918,RTL,"Hot Chocolate",5,2,3818,0
2083,16,2025-01-16,400918,RTL,"Bubble Milk Tea",5,3,3052,0
2087,16,2025-01-16,400919,RTL,Americano,6,1,12714,0
2088,16,2025-01-16,400919,RTL,"Hot Chocolate",6,2,15048,0
2089,16,2025-01-16,400919,RTL,"Bubble Milk Tea",6,3,6350,0
2090,16,2025-01-16,400919,RTL,Americano,2,1,7445,0
2091,16,2025-01-16,400919,RTL,"Hot Chocolate",2,2,2470,0
2092,16,2025-01-16,400919,RTL,"Bubble Milk Tea",2,3,6216,0
2093,16,2025-01-16,400919,RTL,Americano,7,1,11406,0
2094,16,2025-01-16,400919,RTL,"Hot Chocolate",5,2,805,0
2095,16,2025-01-16,400919,RTL,"Bubble Milk Tea",5,3,2151,0
2096,16,2025-01-16,400919,RTL,Americano,4,1,3287,0
2097,16,2025-01-16,400919,RTL,"Hot Chocolate",4,2,4518,0
2098,16,2025-01-16,400919,RTL,"Bubble Milk Tea",4,3,6985,0
2099,16,2025-01-16,400919,RTL,"Bubble Milk Tea",3,3,13630,0
2100,16,2025-01-16,400919,RTL,Americano,1,1,19480,0
2101,16,2025-01-16,400919,RTL,"Bubble Milk Tea",1,3,261,0
2137,17,2025-01-17,400917,RTL,Americano,3,1,10000,0
2138,17,2025-01-17,400917,RTL,"Bubble Milk Tea",3,3,30962,0
2139,17,2025-01-17,400917,RTL,Americano,1,1,30966,0
2140,17,2025-01-17,400917,RTL,"Hot Chocolate",1,2,1832,0
2141,17,2025-01-17,400917,RTL,Americano,7,1,10159,0
2142,17,2025-01-17,400917,RTL,"Hot Chocolate",7,2,5820,0
2143,17,2025-01-17,400917,RTL,Americano,2,1,32420,0
2144,17,2025-01-17,400917,RTL,"Hot Chocolate",2,2,17633,0
2145,17,2025-01-17,400917,RTL,"Bubble Milk Tea",2,3,12892,0
2146,17,2025-01-17,400917,RTL,"Bubble Milk Tea",5,3,11611,0
2147,17,2025-01-17,400917,RTL,"Bubble Milk Tea",6,3,3899,0
2148,17,2025-01-17,400917,RTL,"Hot Chocolate",4,2,4135,0
2149,17,2025-01-17,400917,RTL,"Bubble Milk Tea",4,3,4876,0
2154,17,2025-01-17,400918,RTL,Americano,6,1,4866,0
2155,17,2025-01-17,400918,RTL,"Hot Chocolate",6,2,2025,0
2156,17,2025-01-17,400918,RTL,"Bubble Milk Tea",6,3,1387,0
2157,17,2025-01-17,400918,RTL,Americano,4,1,1841,0
2158,17,2025-01-17,400918,RTL,"Bubble Milk Tea",4,3,1136,0
2159,17,2025-01-17,400918,RTL,"Bubble Milk Tea",1,3,2034,0
2160,17,2025-01-17,400918,RTL,Americano,7,1,1045,0
2161,17,2025-01-17,400918,RTL,"Bubble Milk Tea",7,3,2370,0
2162,17,2025-01-17,400918,RTL,"Bubble Milk Tea",2,3,1555,0
2163,17,2025-01-17,400918,RTL,"Bubble Milk Tea",3,3,1052,0
2164,17,2025-01-17,400918,RTL,"Hot Chocolate",5,2,2654,0
2168,17,2025-01-17,400919,RTL,Americano,6,1,9787,0
2169,17,2025-01-17,400919,RTL,"Hot Chocolate",6,2,9412,0
2170,17,2025-01-17,400919,RTL,"Bubble Milk Tea",6,3,253,0
2171,17,2025-01-17,400919,RTL,"Bubble Milk Tea",2,3,1331,0
2172,17,2025-01-17,400919,RTL,Americano,7,1,4011,0
2173,17,2025-01-17,400919,RTL,"Bubble Milk Tea",4,3,1963,0
2174,17,2025-01-17,400919,RTL,"Bubble Milk Tea",3,3,7458,0
2175,17,2025-01-17,400919,RTL,Americano,1,1,4931,0
2215,18,2025-01-18,400917,RTL,Americano,3,1,8750,0
2216,18,2025-01-18,400917,RTL,"Bubble Milk Tea",3,3,29876,0
2217,18,2025-01-18,400917,RTL,Americano,1,1,27534,0
2218,18,2025-01-18,400917,RTL,Americano,7,1,8895,0
2219,18,2025-01-18,400917,RTL,"Hot Chocolate",7,2,4691,0
2220,18,2025-01-18,400917,RTL,Americano,2,1,30365,0
2221,18,2025-01-18,400917,RTL,"Hot Chocolate",2,2,17037,0
2222,18,2025-01-18,400917,RTL,"Bubble Milk Tea",2,3,12124,0
2223,18,2025-01-18,400917,RTL,"Bubble Milk Tea",5,3,10194,0
2224,18,2025-01-18,400917,RTL,"Bubble Milk Tea",6,3,2796,0
2225,18,2025-01-18,400917,RTL,"Hot Chocolate",4,2,2547,0
2226,18,2025-01-18,400917,RTL,"Bubble Milk Tea",4,3,4128,0
2230,18,2025-01-18,400918,RTL,Americano,6,1,4545,0
2231,18,2025-01-18,400918,RTL,"Hot Chocolate",6,2,1018,0
2232,18,2025-01-18,400918,RTL,"Bubble Milk Tea",6,3,489,0
2233,18,2025-01-18,400918,RTL,Americano,4,1,1266,0
2234,18,2025-01-18,400918,RTL,"Hot Chocolate",4,2,3325,0
2235,18,2025-01-18,400918,RTL,"Bubble Milk Tea",4,3,672,0
2236,18,2025-01-18,400918,RTL,"Bubble Milk Tea",1,3,1647,0
2237,18,2025-01-18,400918,RTL,"Bubble Milk Tea",7,3,2092,0
2238,18,2025-01-18,400918,RTL,Americano,2,1,3271,0
2239,18,2025-01-18,400918,RTL,"Hot Chocolate",2,2,4559,0
2240,18,2025-01-18,400918,RTL,"Bubble Milk Tea",2,3,973,0
2241,18,2025-01-18,400918,RTL,"Bubble Milk Tea",3,3,753,0
2242,18,2025-01-18,400918,RTL,"Hot Chocolate",5,2,2579,0
2246,18,2025-01-18,400919,RTL,Americano,6,1,12366,0
2247,18,2025-01-18,400919,RTL,"Hot Chocolate",6,2,11318,0
2248,18,2025-01-18,400919,RTL,"Bubble Milk Tea",6,3,14085,0
2249,18,2025-01-18,400919,RTL,"Bubble Milk Tea",2,3,499,0
2250,18,2025-01-18,400919,RTL,Americano,7,1,2265,0
2251,18,2025-01-18,400919,RTL,Americano,5,1,903,0
2252,18,2025-01-18,400919,RTL,"Hot Chocolate",5,2,2470,0
2253,18,2025-01-18,400919,RTL,"Bubble Milk Tea",5,3,1188,0
2254,18,2025-01-18,400919,RTL,"Bubble Milk Tea",4,3,1185,0
2255,18,2025-01-18,400919,RTL,"Hot Chocolate",3,2,4254,0
2256,18,2025-01-18,400919,RTL,"Bubble Milk Tea",3,3,6217,0
2257,18,2025-01-18,400919,RTL,Americano,1,1,12645,0
2258,18,2025-01-18,400919,RTL,"Hot Chocolate",1,2,2599,0
2259,18,2025-01-18,400919,RTL,"Bubble Milk Tea",1,3,2468,0
2296,19,2025-01-19,400917,RTL,Americano,3,1,7961,0
2297,19,2025-01-19,400917,RTL,"Bubble Milk Tea",3,3,28734,0
2298,19,2025-01-19,400917,RTL,Americano,1,1,23385,0
2299,19,2025-01-19,400917,RTL,"Hot Chocolate",1,2,5638,0
2300,19,2025-01-19,400917,RTL,Americano,7,1,7375,0
2301,19,2025-01-19,400917,RTL,"Hot Chocolate",7,2,3640,0
2302,19,2025-01-19,400917,RTL,Americano,2,1,27735,0
2303,19,2025-01-19,400917,RTL,"Hot Chocolate",2,2,16525,0
2304,19,2025-01-19,400917,RTL,"Bubble Milk Tea",2,3,11247,0
2305,19,2025-01-19,400917,RTL,Americano,5,1,4129,0
2306,19,2025-01-19,400917,RTL,"Bubble Milk Tea",5,3,8890,0
2307,19,2025-01-19,400917,RTL,Americano,6,1,623,0
2308,19,2025-01-19,400917,RTL,"Hot Chocolate",6,2,2055,0
2309,19,2025-01-19,400917,RTL,"Bubble Milk Tea",6,3,6614,0
2310,19,2025-01-19,400917,RTL,"Hot Chocolate",4,2,1232,0
2311,19,2025-01-19,400917,RTL,"Bubble Milk Tea",4,3,3464,0
2315,19,2025-01-19,400918,RTL,Americano,6,1,4293,0
2316,19,2025-01-19,400918,RTL,"Hot Chocolate",6,2,307,0
2317,19,2025-01-19,400918,RTL,Americano,4,1,928,0
2318,19,2025-01-19,400918,RTL,"Hot Chocolate",4,2,1955,0
2319,19,2025-01-19,400918,RTL,"Bubble Milk Tea",4,3,238,0
2320,19,2025-01-19,400918,RTL,"Bubble Milk Tea",1,3,1268,0
2321,19,2025-01-19,400918,RTL,"Bubble Milk Tea",7,3,1828,0
2322,19,2025-01-19,400918,RTL,Americano,2,1,1951,0
2323,19,2025-01-19,400918,RTL,"Hot Chocolate",2,2,4160,0
2324,19,2025-01-19,400918,RTL,"Bubble Milk Tea",2,3,376,0
2325,19,2025-01-19,400918,RTL,Americano,3,1,4799,0
2326,19,2025-01-19,400918,RTL,"Hot Chocolate",3,2,4935,0
2327,19,2025-01-19,400918,RTL,"Bubble Milk Tea",3,3,3485,0
2328,19,2025-01-19,400918,RTL,Americano,5,1,4762,0
2329,19,2025-01-19,400918,RTL,"Hot Chocolate",5,2,3507,0
2330,19,2025-01-19,400918,RTL,"Bubble Milk Tea",5,3,4650,0
2335,19,2025-01-19,400919,RTL,Americano,6,1,12029,0
2336,19,2025-01-19,400919,RTL,"Hot Chocolate",6,2,10336,0
2337,19,2025-01-19,400919,RTL,"Bubble Milk Tea",6,3,12939,0
2338,19,2025-01-19,400919,RTL,Americano,2,1,9272,0
2339,19,2025-01-19,400919,RTL,"Hot Chocolate",2,2,7500,0
2340,19,2025-01-19,400919,RTL,"Bubble Milk Tea",2,3,4573,0
2341,19,2025-01-19,400919,RTL,"Hot Chocolate",5,2,1890,0
2342,19,2025-01-19,400919,RTL,Americano,4,1,11414,0
2343,19,2025-01-19,400919,RTL,"Hot Chocolate",4,2,17382,0
2344,19,2025-01-19,400919,RTL,"Bubble Milk Tea",4,3,12303,0
2345,19,2025-01-19,400919,RTL,Americano,3,1,6993,0
2346,19,2025-01-19,400919,RTL,"Hot Chocolate",3,2,3795,0
2347,19,2025-01-19,400919,RTL,"Bubble Milk Tea",3,3,4987,0
2348,19,2025-01-19,400919,RTL,Americano,1,1,8574,0
2349,19,2025-01-19,400919,RTL,"Hot Chocolate",1,2,302,0
2350,19,2025-01-19,400919,RTL,"Bubble Milk Tea",1,3,1905,0
2403,20,2025-01-20,400917,RTL,Americano,3,1,7275,0
2404,20,2025-01-20,400917,RTL,"Bubble Milk Tea",3,3,27559,0
2405,20,2025-01-20,400917,RTL,Americano,1,1,19546,0
2406,20,2025-01-20,400917,RTL,"Hot Chocolate",1,2,3601,0
2407,20,2025-01-20,400917,RTL,Americano,7,1,5951,0
2408,20,2025-01-20,400917,RTL,"Hot Chocolate",7,2,2586,0
2409,20,2025-01-20,400917,RTL,Americano,2,1,24999,0
2410,20,2025-01-20,400917,RTL,"Hot Chocolate",2,2,16097,0
2411,20,2025-01-20,400917,RTL,"Bubble Milk Tea",2,3,10361,0
2412,20,2025-01-20,400917,RTL,Americano,5,1,3245,0
2413,20,2025-01-20,400917,RTL,"Bubble Milk Tea",5,3,7443,0
2414,20,2025-01-20,400917,RTL,Americano,6,1,1227,0
2415,20,2025-01-20,400917,RTL,"Hot Chocolate",6,2,4135,0
2416,20,2025-01-20,400917,RTL,"Bubble Milk Tea",6,3,8201,0
2417,20,2025-01-20,400917,RTL,"Bubble Milk Tea",4,3,2716,0
2421,20,2025-01-20,400918,RTL,Americano,6,1,4020,0
2422,20,2025-01-20,400918,RTL,Americano,4,1,706,0
2423,20,2025-01-20,400918,RTL,"Hot Chocolate",4,2,821,0
2424,20,2025-01-20,400918,RTL,Americano,1,1,565,0
2425,20,2025-01-20,400918,RTL,"Hot Chocolate",1,2,1714,0
2426,20,2025-01-20,400918,RTL,"Bubble Milk Tea",1,3,3878,0
2427,20,2025-01-20,400918,RTL,"Bubble Milk Tea",7,3,1597,0
2428,20,2025-01-20,400918,RTL,Americano,2,1,189,0
2429,20,2025-01-20,400918,RTL,"Hot Chocolate",2,2,3788,0
2430,20,2025-01-20,400918,RTL,Americano,3,1,4582,0
2431,20,2025-01-20,400918,RTL,"Hot Chocolate",3,2,4875,0
2432,20,2025-01-20,400918,RTL,"Bubble Milk Tea",3,3,3211,0
2433,20,2025-01-20,400918,RTL,Americano,5,1,4529,0
2434,20,2025-01-20,400918,RTL,"Hot Chocolate",5,2,3425,0
2435,20,2025-01-20,400918,RTL,"Bubble Milk Tea",5,3,4289,0
2439,20,2025-01-20,400919,RTL,Americano,6,1,11661,0
2440,20,2025-01-20,400919,RTL,"Hot Chocolate",6,2,9363,0
2441,20,2025-01-20,400919,RTL,"Bubble Milk Tea",6,3,11458,0
2442,20,2025-01-20,400919,RTL,Americano,2,1,6544,0
2443,20,2025-01-20,400919,RTL,"Hot Chocolate",2,2,6944,0
2444,20,2025-01-20,400919,RTL,"Bubble Milk Tea",2,3,3689,0
2445,20,2025-01-20,400919,RTL,Americano,7,1,5726,0
2446,20,2025-01-20,400919,RTL,Americano,5,1,4823,0
2447,20,2025-01-20,400919,RTL,"Hot Chocolate",5,2,7321,0
2448,20,2025-01-20,400919,RTL,"Bubble Milk Tea",5,3,4533,0
2449,20,2025-01-20,400919,RTL,Americano,4,1,10736,0
2450,20,2025-01-20,400919,RTL,"Hot Chocolate",4,2,14845,0
2451,20,2025-01-20,400919,RTL,"Bubble Milk Tea",4,3,11525,0
2452,20,2025-01-20,400919,RTL,Americano,3,1,6024,0
2453,20,2025-01-20,400919,RTL,"Hot Chocolate",3,2,3380,0
2454,20,2025-01-20,400919,RTL,"Bubble Milk Tea",3,3,3757,0
2455,20,2025-01-20,400919,RTL,Americano,1,1,16935,0
2456,20,2025-01-20,400919,RTL,"Bubble Milk Tea",1,3,1326,0
2494,21,2025-01-21,400917,RTL,Americano,3,1,6408,0
2495,21,2025-01-21,400917,RTL,"Bubble Milk Tea",3,3,26352,0
2496,21,2025-01-21,400917,RTL,Americano,1,1,15628,0
2497,21,2025-01-21,400917,RTL,"Hot Chocolate",1,2,1250,0
2498,21,2025-01-21,400917,RTL,Americano,7,1,4697,0
2499,21,2025-01-21,400917,RTL,"Hot Chocolate",7,2,1908,0
2500,21,2025-01-21,400917,RTL,Americano,2,1,22329,0
2501,21,2025-01-21,400917,RTL,"Hot Chocolate",2,2,15613,0
2502,21,2025-01-21,400917,RTL,"Bubble Milk Tea",2,3,9356,0
2503,21,2025-01-21,400917,RTL,Americano,5,1,2324,0
2504,21,2025-01-21,400917,RTL,"Bubble Milk Tea",5,3,18033,0
2505,21,2025-01-21,400917,RTL,Americano,6,1,858,0
2506,21,2025-01-21,400917,RTL,"Hot Chocolate",6,2,2960,0
2507,21,2025-01-21,400917,RTL,"Bubble Milk Tea",6,3,6759,0
2508,21,2025-01-21,400917,RTL,"Hot Chocolate",4,2,10592,0
2509,21,2025-01-21,400917,RTL,"Bubble Milk Tea",4,3,1854,0
2513,21,2025-01-21,400918,RTL,Americano,6,1,3735,0
2514,21,2025-01-21,400918,RTL,Americano,4,1,462,0
2515,21,2025-01-21,400918,RTL,"Hot Chocolate",1,2,430,0
2516,21,2025-01-21,400918,RTL,"Bubble Milk Tea",1,3,3594,0
2517,21,2025-01-21,400918,RTL,Americano,7,1,4240,0
2518,21,2025-01-21,400918,RTL,"Hot Chocolate",7,2,2626,0
2519,21,2025-01-21,400918,RTL,"Bubble Milk Tea",7,3,4437,0
2520,21,2025-01-21,400918,RTL,Americano,2,1,3880,0
2521,21,2025-01-21,400918,RTL,"Hot Chocolate",2,2,4506,0
2522,21,2025-01-21,400918,RTL,"Bubble Milk Tea",2,3,2566,0
2523,21,2025-01-21,400918,RTL,Americano,3,1,4361,0
2524,21,2025-01-21,400918,RTL,"Hot Chocolate",3,2,4814,0
2525,21,2025-01-21,400918,RTL,"Bubble Milk Tea",3,3,2940,0
2526,21,2025-01-21,400918,RTL,Americano,5,1,4277,0
2527,21,2025-01-21,400918,RTL,"Hot Chocolate",5,2,3350,0
2528,21,2025-01-21,400918,RTL,"Bubble Milk Tea",5,3,3942,0
2532,21,2025-01-21,400919,RTL,Americano,6,1,11328,0
2533,21,2025-01-21,400919,RTL,"Hot Chocolate",6,2,8174,0
2534,21,2025-01-21,400919,RTL,"Bubble Milk Tea",6,3,10068,0
2535,21,2025-01-21,400919,RTL,Americano,2,1,3943,0
2536,21,2025-01-21,400919,RTL,"Hot Chocolate",2,2,6432,0
2537,21,2025-01-21,400919,RTL,"Bubble Milk Tea",2,3,2771,0
2538,21,2025-01-21,400919,RTL,Americano,7,1,8903,0
2539,21,2025-01-21,400919,RTL,Americano,5,1,3615,0
2540,21,2025-01-21,400919,RTL,"Hot Chocolate",5,2,6763,0
2541,21,2025-01-21,400919,RTL,"Bubble Milk Tea",5,3,3078,0
2542,21,2025-01-21,400919,RTL,Americano,4,1,10097,0
2543,21,2025-01-21,400919,RTL,"Hot Chocolate",4,2,12518,0
2544,21,2025-01-21,400919,RTL,"Bubble Milk Tea",4,3,10512,0
2545,21,2025-01-21,400919,RTL,Americano,3,1,5017,0
2546,21,2025-01-21,400919,RTL,"Hot Chocolate",3,2,2948,0
2547,21,2025-01-21,400919,RTL,"Bubble Milk Tea",3,3,2615,0
2548,21,2025-01-21,400919,RTL,Americano,1,1,13084,0
2549,21,2025-01-21,400919,RTL,"Bubble Milk Tea",1,3,743,0
2583,22,2025-01-22,400917,RTL,Americano,3,1,2493,0
2584,22,2025-01-22,400917,RTL,"Bubble Milk Tea",3,3,21582,0
2585,22,2025-01-22,400917,RTL,Americano,1,1,1907,0
2586,22,2025-01-22,400917,RTL,Americano,2,1,12592,0
2587,22,2025-01-22,400917,RTL,"Hot Chocolate",2,2,12734,0
2588,22,2025-01-22,400917,RTL,"Bubble Milk Tea",2,3,5079,0
2589,22,2025-01-22,400917,RTL,"Bubble Milk Tea",5,3,12957,0
2590,22,2025-01-22,400917,RTL,"Bubble Milk Tea",6,3,2000,0
2591,22,2025-01-22,400917,RTL,"Hot Chocolate",4,2,3428,0
2592,22,2025-01-22,400917,RTL,"Bubble Milk Tea",4,3,3113,0
2596,22,2025-01-22,400918,RTL,Americano,6,1,1957,0
2597,22,2025-01-22,400918,RTL,"Hot Chocolate",6,2,125,0
2598,22,2025-01-22,400918,RTL,"Bubble Milk Tea",1,3,1897,0
2599,22,2025-01-22,400918,RTL,"Hot Chocolate",7,2,216,0
2600,22,2025-01-22,400918,RTL,"Bubble Milk Tea",7,3,3435,0
2601,22,2025-01-22,400918,RTL,"Hot Chocolate",2,2,2874,0
2602,22,2025-01-22,400918,RTL,"Bubble Milk Tea",2,3,10,0
2603,22,2025-01-22,400918,RTL,Americano,3,1,2922,0
2604,22,2025-01-22,400918,RTL,"Hot Chocolate",3,2,4438,0
2605,22,2025-01-22,400918,RTL,"Bubble Milk Tea",3,3,1086,0
2606,22,2025-01-22,400918,RTL,Americano,5,1,2924,0
2607,22,2025-01-22,400918,RTL,"Hot Chocolate",5,2,2870,0
2608,22,2025-01-22,400918,RTL,"Bubble Milk Tea",5,3,1923,0
2612,22,2025-01-22,400919,RTL,Americano,6,1,9325,0
2613,22,2025-01-22,400919,RTL,"Hot Chocolate",6,2,3250,0
2614,22,2025-01-22,400919,RTL,"Bubble Milk Tea",6,3,4730,0
2615,22,2025-01-22,400919,RTL,"Hot Chocolate",2,2,3798,0
2616,22,2025-01-22,400919,RTL,Americano,7,1,2259,0
2617,22,2025-01-22,400919,RTL,"Hot Chocolate",5,2,4994,0
2618,22,2025-01-22,400919,RTL,Americano,4,1,6957,0
2619,22,2025-01-22,400919,RTL,"Hot Chocolate",4,2,97,0
2620,22,2025-01-22,400919,RTL,"Bubble Milk Tea",4,3,5895,0
2621,22,2025-01-22,400919,RTL,Americano,3,1,531,0
2622,22,2025-01-22,400919,RTL,"Hot Chocolate",3,2,466,0
2623,22,2025-01-22,400919,RTL,Americano,1,1,331,0
2685,23,2025-01-23,400917,RTL,Americano,3,1,1567,0
2686,23,2025-01-23,400917,RTL,"Hot Chocolate",3,2,676,0
2687,23,2025-01-23,400917,RTL,"Bubble Milk Tea",3,3,20396,0
2688,23,2025-01-23,400917,RTL,Americano,1,1,28005,0
2689,23,2025-01-23,400917,RTL,"Hot Chocolate",1,2,9815,0
2690,23,2025-01-23,400917,RTL,Americano,2,1,10031,0
2691,23,2025-01-23,400917,RTL,"Hot Chocolate",2,2,12171,0
2692,23,2025-01-23,400917,RTL,"Bubble Milk Tea",2,3,3996,0
2693,23,2025-01-23,400917,RTL,Americano,5,1,4125,0
2694,23,2025-01-23,400917,RTL,"Bubble Milk Tea",5,3,23646,0
2695,23,2025-01-23,400917,RTL,"Bubble Milk Tea",6,3,879,0
2696,23,2025-01-23,400917,RTL,Americano,4,1,615,0
2697,23,2025-01-23,400917,RTL,"Hot Chocolate",4,2,1869,0
2698,23,2025-01-23,400917,RTL,"Bubble Milk Tea",4,3,2423,0
2702,23,2025-01-23,400918,RTL,Americano,6,1,4721,0
2703,23,2025-01-23,400918,RTL,"Hot Chocolate",6,2,2507,0
2704,23,2025-01-23,400918,RTL,"Bubble Milk Tea",6,3,4284,0
2705,23,2025-01-23,400918,RTL,Americano,4,1,2812,0
2706,23,2025-01-23,400918,RTL,"Hot Chocolate",4,2,3836,0
2707,23,2025-01-23,400918,RTL,"Bubble Milk Tea",4,3,2602,0
2708,23,2025-01-23,400918,RTL,Americano,1,1,2473,0
2709,23,2025-01-23,400918,RTL,"Hot Chocolate",1,2,3962,0
2710,23,2025-01-23,400918,RTL,"Bubble Milk Tea",1,3,4497,0
2711,23,2025-01-23,400918,RTL,Americano,7,1,4122,0
2712,23,2025-01-23,400918,RTL,"Bubble Milk Tea",7,3,3279,0
2713,23,2025-01-23,400918,RTL,Americano,2,1,3332,0
2714,23,2025-01-23,400918,RTL,"Hot Chocolate",2,2,5626,0
2715,23,2025-01-23,400918,RTL,"Bubble Milk Tea",2,3,4426,0
2716,23,2025-01-23,400918,RTL,Americano,3,1,2372,0
2717,23,2025-01-23,400918,RTL,"Hot Chocolate",3,2,4272,0
2718,23,2025-01-23,400918,RTL,"Bubble Milk Tea",3,3,454,0
2719,23,2025-01-23,400918,RTL,Americano,5,1,2468,0
2720,23,2025-01-23,400918,RTL,"Hot Chocolate",5,2,2730,0
2721,23,2025-01-23,400918,RTL,"Bubble Milk Tea",5,3,1215,0
2725,23,2025-01-23,400919,RTL,Americano,6,1,8988,0
2726,23,2025-01-23,400919,RTL,"Hot Chocolate",6,2,2297,0
2727,23,2025-01-23,400919,RTL,"Bubble Milk Tea",6,3,3688,0
2728,23,2025-01-23,400919,RTL,Americano,2,1,9841,0
2729,23,2025-01-23,400919,RTL,"Hot Chocolate",2,2,11350,0
2730,23,2025-01-23,400919,RTL,Americano,7,1,8781,0
2731,23,2025-01-23,400919,RTL,Americano,5,1,4172,0
2732,23,2025-01-23,400919,RTL,"Hot Chocolate",5,2,5571,0
2733,23,2025-01-23,400919,RTL,"Bubble Milk Tea",5,3,3708,0
2734,23,2025-01-23,400919,RTL,Americano,4,1,9624,0
2735,23,2025-01-23,400919,RTL,"Hot Chocolate",4,2,6034,0
2736,23,2025-01-23,400919,RTL,"Bubble Milk Tea",4,3,10013,0
2737,23,2025-01-23,400919,RTL,"Hot Chocolate",3,2,130,0
2738,23,2025-01-23,400919,RTL,"Bubble Milk Tea",3,3,18803,0
2739,23,2025-01-23,400919,RTL,Americano,1,1,9522,0
2740,23,2025-01-23,400919,RTL,"Hot Chocolate",1,2,10130,0
2779,24,2025-01-24,400917,RTL,Americano,3,1,1401,0
2780,24,2025-01-24,400917,RTL,"Hot Chocolate",3,2,380,0
2781,24,2025-01-24,400917,RTL,"Bubble Milk Tea",3,3,19283,0
2782,24,2025-01-24,400917,RTL,Americano,1,1,24276,0
2783,24,2025-01-24,400917,RTL,"Hot Chocolate",1,2,7915,0
2784,24,2025-01-24,400917,RTL,Americano,2,1,7220,0
2785,24,2025-01-24,400917,RTL,"Hot Chocolate",2,2,11659,0
2786,24,2025-01-24,400917,RTL,"Bubble Milk Tea",2,3,2828,0
2787,24,2025-01-24,400917,RTL,Americano,5,1,3150,0
2788,24,2025-01-24,400917,RTL,"Bubble Milk Tea",5,3,22365,0
2789,24,2025-01-24,400917,RTL,Americano,6,1,2604,0
2790,24,2025-01-24,400917,RTL,"Hot Chocolate",6,2,6975,0
2791,24,2025-01-24,400917,RTL,"Bubble Milk Tea",6,3,11788,0
2792,24,2025-01-24,400917,RTL,Americano,4,1,223,0
2793,24,2025-01-24,400917,RTL,"Hot Chocolate",4,2,163,0
2794,24,2025-01-24,400917,RTL,"Bubble Milk Tea",4,3,1719,0
2798,24,2025-01-24,400918,RTL,Americano,6,1,5541,0
2799,24,2025-01-24,400918,RTL,"Hot Chocolate",6,2,5033,0
2800,24,2025-01-24,400918,RTL,"Bubble Milk Tea",6,3,8582,0
2801,24,2025-01-24,400918,RTL,Americano,4,1,2636,0
2802,24,2025-01-24,400918,RTL,"Hot Chocolate",4,2,2506,0
2803,24,2025-01-24,400918,RTL,"Bubble Milk Tea",4,3,2204,0
2804,24,2025-01-24,400918,RTL,Americano,1,1,296,0
2805,24,2025-01-24,400918,RTL,"Hot Chocolate",1,2,2846,0
2806,24,2025-01-24,400918,RTL,"Bubble Milk Tea",1,3,4197,0
2807,24,2025-01-24,400918,RTL,Americano,7,1,6182,0
2808,24,2025-01-24,400918,RTL,"Hot Chocolate",7,2,4314,0
2809,24,2025-01-24,400918,RTL,"Bubble Milk Tea",7,3,6119,0
2810,24,2025-01-24,400918,RTL,Americano,2,1,1585,0
2811,24,2025-01-24,400918,RTL,"Hot Chocolate",2,2,5378,0
2812,24,2025-01-24,400918,RTL,"Bubble Milk Tea",2,3,3824,0
2813,24,2025-01-24,400918,RTL,Americano,3,1,1724,0
2814,24,2025-01-24,400918,RTL,"Hot Chocolate",3,2,4106,0
2815,24,2025-01-24,400918,RTL,Americano,5,1,1960,0
2816,24,2025-01-24,400918,RTL,"Hot Chocolate",5,2,2442,0
2817,24,2025-01-24,400918,RTL,"Bubble Milk Tea",5,3,415,0
2821,24,2025-01-24,400919,RTL,Americano,6,1,8717,0
2822,24,2025-01-24,400919,RTL,"Hot Chocolate",6,2,9408,0
2823,24,2025-01-24,400919,RTL,"Bubble Milk Tea",6,3,14526,0
2824,24,2025-01-24,400919,RTL,Americano,2,1,7890,0
2825,24,2025-01-24,400919,RTL,"Hot Chocolate",2,2,10926,0
2826,24,2025-01-24,400919,RTL,Americano,7,1,7120,0
2827,24,2025-01-24,400919,RTL,Americano,5,1,6288,0
2828,24,2025-01-24,400919,RTL,"Hot Chocolate",5,2,5093,0
2829,24,2025-01-24,400919,RTL,"Bubble Milk Tea",5,3,5402,0
2830,24,2025-01-24,400919,RTL,Americano,4,1,9275,0
2831,24,2025-01-24,400919,RTL,"Hot Chocolate",4,2,3860,0
2832,24,2025-01-24,400919,RTL,"Bubble Milk Tea",4,3,9221,0
2833,24,2025-01-24,400919,RTL,"Bubble Milk Tea",3,3,17734,0
2834,24,2025-01-24,400919,RTL,Americano,1,1,36759,0
2835,24,2025-01-24,400919,RTL,"Hot Chocolate",1,2,20368,0
2836,24,2025-01-24,400919,RTL,"Bubble Milk Tea",1,3,7425,0
2872,25,2025-01-25,400917,RTL,Americano,3,1,272,0
2873,25,2025-01-25,400917,RTL,"Bubble Milk Tea",3,3,17698,0
2874,25,2025-01-25,400917,RTL,Americano,1,1,20024,0
2875,25,2025-01-25,400917,RTL,"Hot Chocolate",1,2,5597,0
2876,25,2025-01-25,400917,RTL,"Hot Chocolate",7,2,4261,0
2877,25,2025-01-25,400917,RTL,"Bubble Milk Tea",7,3,7792,0
2878,25,2025-01-25,400917,RTL,Americano,2,1,4516,0
2879,25,2025-01-25,400917,RTL,"Hot Chocolate",2,2,11179,0
2880,25,2025-01-25,400917,RTL,"Bubble Milk Tea",2,3,1942,0
2881,25,2025-01-25,400917,RTL,Americano,5,1,2035,0
2882,25,2025-01-25,400917,RTL,"Bubble Milk Tea",5,3,21020,0
2883,25,2025-01-25,400917,RTL,Americano,6,1,2220,0
2884,25,2025-01-25,400917,RTL,"Hot Chocolate",6,2,6081,0
2885,25,2025-01-25,400917,RTL,"Bubble Milk Tea",6,3,10675,0
2886,25,2025-01-25,400917,RTL,"Hot Chocolate",4,2,6007,0
2887,25,2025-01-25,400917,RTL,"Bubble Milk Tea",4,3,893,0
2891,25,2025-01-25,400918,RTL,Americano,6,1,5453,0
2892,25,2025-01-25,400918,RTL,"Hot Chocolate",6,2,4781,0
2893,25,2025-01-25,400918,RTL,"Bubble Milk Tea",6,3,8251,0
2894,25,2025-01-25,400918,RTL,Americano,4,1,5450,0
2895,25,2025-01-25,400918,RTL,"Hot Chocolate",4,2,9334,0
2896,25,2025-01-25,400918,RTL,"Bubble Milk Tea",4,3,4775,0
2897,25,2025-01-25,400918,RTL,Americano,1,1,9138,0
2898,25,2025-01-25,400918,RTL,"Hot Chocolate",1,2,4307,0
2899,25,2025-01-25,400918,RTL,"Bubble Milk Tea",1,3,3790,0
2900,25,2025-01-25,400918,RTL,Americano,7,1,5256,0
2901,25,2025-01-25,400918,RTL,"Hot Chocolate",7,2,3894,0
2902,25,2025-01-25,400918,RTL,"Bubble Milk Tea",7,3,6017,0
2903,25,2025-01-25,400918,RTL,"Hot Chocolate",2,2,4955,0
2904,25,2025-01-25,400918,RTL,"Bubble Milk Tea",2,3,3065,0
2905,25,2025-01-25,400918,RTL,Americano,3,1,797,0
2906,25,2025-01-25,400918,RTL,"Hot Chocolate",3,2,3800,0
2907,25,2025-01-25,400918,RTL,Americano,5,1,6135,0
2908,25,2025-01-25,400918,RTL,"Hot Chocolate",5,2,3016,0
2909,25,2025-01-25,400918,RTL,"Bubble Milk Tea",5,3,7350,0
2913,25,2025-01-25,400919,RTL,Americano,6,1,8485,0
2914,25,2025-01-25,400919,RTL,"Hot Chocolate",6,2,8610,0
2915,25,2025-01-25,400919,RTL,"Bubble Milk Tea",6,3,13374,0
2916,25,2025-01-25,400919,RTL,Americano,2,1,25918,0
2917,25,2025-01-25,400919,RTL,"Hot Chocolate",2,2,18486,0
2918,25,2025-01-25,400919,RTL,"Bubble Milk Tea",2,3,11128,0
2919,25,2025-01-25,400919,RTL,Americano,7,1,17540,0
2920,25,2025-01-25,400919,RTL,Americano,5,1,5397,0
2921,25,2025-01-25,400919,RTL,"Hot Chocolate",5,2,4618,0
2922,25,2025-01-25,400919,RTL,"Bubble Milk Tea",5,3,4045,0
2923,25,2025-01-25,400919,RTL,Americano,4,1,8946,0
2924,25,2025-01-25,400919,RTL,"Hot Chocolate",4,2,1667,0
2925,25,2025-01-25,400919,RTL,"Bubble Milk Tea",4,3,8494,0
2926,25,2025-01-25,400919,RTL,"Bubble Milk Tea",3,3,16415,0
2927,25,2025-01-25,400919,RTL,Americano,1,1,34107,0
2928,25,2025-01-25,400919,RTL,"Hot Chocolate",1,2,18714,0
2929,25,2025-01-25,400919,RTL,"Bubble Milk Tea",1,3,6838,0
2971,26,2025-01-26,400917,RTL,"Bubble Milk Tea",3,3,11905,0
2972,26,2025-01-26,400917,RTL,Americano,1,1,13944,0
2973,26,2025-01-26,400917,RTL,"Hot Chocolate",1,2,4146,0
2974,26,2025-01-26,400917,RTL,"Bubble Milk Tea",7,3,6478,0
2975,26,2025-01-26,400917,RTL,"Hot Chocolate",2,2,8000,0
2976,26,2025-01-26,400917,RTL,"Bubble Milk Tea",5,3,14415,0
2977,26,2025-01-26,400917,RTL,Americano,6,1,114,0
2978,26,2025-01-26,400917,RTL,"Hot Chocolate",6,2,640,0
2979,26,2025-01-26,400917,RTL,"Bubble Milk Tea",6,3,4622,0
2983,26,2025-01-26,400918,RTL,Americano,6,1,4328,0
2984,26,2025-01-26,400918,RTL,"Hot Chocolate",6,2,1858,0
2985,26,2025-01-26,400918,RTL,"Bubble Milk Tea",6,3,4872,0
2986,26,2025-01-26,400918,RTL,Americano,4,1,4173,0
2987,26,2025-01-26,400918,RTL,"Hot Chocolate",4,2,3783,0
2988,26,2025-01-26,400918,RTL,"Bubble Milk Tea",4,3,2744,0
2989,26,2025-01-26,400918,RTL,"Bubble Milk Tea",1,3,658,0
2990,26,2025-01-26,400918,RTL,"Bubble Milk Tea",7,3,5102,0
2991,26,2025-01-26,400918,RTL,"Hot Chocolate",2,2,2647,0
2992,26,2025-01-26,400918,RTL,"Hot Chocolate",3,2,656,0
2993,26,2025-01-26,400918,RTL,"Bubble Milk Tea",3,3,2397,0
2994,26,2025-01-26,400918,RTL,Americano,5,1,1721,0
2995,26,2025-01-26,400918,RTL,"Hot Chocolate",5,2,1433,0
2996,26,2025-01-26,400918,RTL,"Bubble Milk Tea",5,3,2003,0
3000,26,2025-01-26,400919,RTL,Americano,6,1,7191,0
3001,26,2025-01-26,400919,RTL,"Hot Chocolate",6,2,4259,0
3002,26,2025-01-26,400919,RTL,"Bubble Milk Tea",6,3,7230,0
3003,26,2025-01-26,400919,RTL,Americano,2,1,16507,0
3004,26,2025-01-26,400919,RTL,"Hot Chocolate",2,2,15852,0
3005,26,2025-01-26,400919,RTL,"Bubble Milk Tea",2,3,7087,0
3006,26,2025-01-26,400919,RTL,Americano,7,1,8135,0
3007,26,2025-01-26,400919,RTL,Americano,5,1,1234,0
3008,26,2025-01-26,400919,RTL,"Hot Chocolate",5,2,2047,0
3009,26,2025-01-26,400919,RTL,Americano,4,1,6509,0
3010,26,2025-01-26,400919,RTL,"Bubble Milk Tea",4,3,4703,0
3011,26,2025-01-26,400919,RTL,"Bubble Milk Tea",3,3,10230,0
3012,26,2025-01-26,400919,RTL,Americano,1,1,17681,0
3013,26,2025-01-26,400919,RTL,"Hot Chocolate",1,2,10325,0
3014,26,2025-01-26,400919,RTL,"Bubble Milk Tea",1,3,3714,0
3050,27,2025-01-27,400917,RTL,"Bubble Milk Tea",3,3,5536,0
3051,27,2025-01-27,400917,RTL,Americano,1,1,11280,0
3052,27,2025-01-27,400917,RTL,"Bubble Milk Tea",7,3,5160,0
3053,27,2025-01-27,400917,RTL,"Hot Chocolate",2,2,4974,0
3054,27,2025-01-27,400917,RTL,"Bubble Milk Tea",5,3,7674,0
3055,27,2025-01-27,400917,RTL,"Bubble Milk Tea",6,3,1659,0
3056,27,2025-01-27,400917,RTL,"Hot Chocolate",4,2,276,0
3061,27,2025-01-27,400918,RTL,Americano,6,1,3192,0
3062,27,2025-01-27,400918,RTL,"Bubble Milk Tea",6,3,1315,0
3063,27,2025-01-27,400918,RTL,Americano,4,1,2813,0
3064,27,2025-01-27,400918,RTL,"Bubble Milk Tea",4,3,108,0
3065,27,2025-01-27,400918,RTL,"Bubble Milk Tea",1,3,2630,0
3066,27,2025-01-27,400918,RTL,"Bubble Milk Tea",7,3,4187,0
3067,27,2025-01-27,400918,RTL,"Hot Chocolate",2,2,692,0
3071,27,2025-01-27,400919,RTL,Americano,6,1,5808,0
3072,27,2025-01-27,400919,RTL,"Bubble Milk Tea",6,3,1233,0
3073,27,2025-01-27,400919,RTL,Americano,2,1,6883,0
3074,27,2025-01-27,400919,RTL,"Hot Chocolate",2,2,13331,0
3075,27,2025-01-27,400919,RTL,"Bubble Milk Tea",2,3,2642,0
3076,27,2025-01-27,400919,RTL,"Hot Chocolate",5,2,513,0
3077,27,2025-01-27,400919,RTL,Americano,4,1,7177,0
3078,27,2025-01-27,400919,RTL,"Bubble Milk Tea",4,3,8484,0
3079,27,2025-01-27,400919,RTL,"Bubble Milk Tea",3,3,11998,0
3080,27,2025-01-27,400919,RTL,Americano,1,1,1833,0
3081,27,2025-01-27,400919,RTL,"Hot Chocolate",1,2,1133,0
3082,27,2025-01-27,400919,RTL,"Bubble Milk Tea",1,3,661,0
3122,28,2025-01-28,400917,RTL,"Bubble Milk Tea",3,3,4226,0
3123,28,2025-01-28,400917,RTL,Americano,1,1,6560,0
3124,28,2025-01-28,400917,RTL,Americano,7,1,6489,0
3125,28,2025-01-28,400917,RTL,"Hot Chocolate",7,2,2113,0
3126,28,2025-01-28,400917,RTL,"Bubble Milk Tea",7,3,4936,0
3127,28,2025-01-28,400917,RTL,"Hot Chocolate",2,2,4482,0
3128,28,2025-01-28,400917,RTL,"Bubble Milk Tea",5,3,14214,0
3129,28,2025-01-28,400917,RTL,Americano,6,1,2600,0
3130,28,2025-01-28,400917,RTL,"Hot Chocolate",6,2,3740,0
3131,28,2025-01-28,400917,RTL,"Bubble Milk Tea",6,3,8469,0
3132,28,2025-01-28,400917,RTL,"Bubble Milk Tea",4,3,2101,0
3136,28,2025-01-28,400918,RTL,Americano,6,1,2904,0
3137,28,2025-01-28,400918,RTL,"Bubble Milk Tea",6,3,292,0
3138,28,2025-01-28,400918,RTL,Americano,4,1,2471,0
3139,28,2025-01-28,400918,RTL,"Bubble Milk Tea",1,3,2235,0
3140,28,2025-01-28,400918,RTL,Americano,7,1,4141,0
3141,28,2025-01-28,400918,RTL,"Hot Chocolate",7,2,2568,0
3142,28,2025-01-28,400918,RTL,"Bubble Milk Tea",7,3,4081,0
3143,28,2025-01-28,400918,RTL,"Hot Chocolate",2,2,320,0
3144,28,2025-01-28,400918,RTL,Americano,3,1,7052,0
3145,28,2025-01-28,400918,RTL,"Hot Chocolate",3,2,7538,0
3146,28,2025-01-28,400918,RTL,"Bubble Milk Tea",3,3,7025,0
3147,28,2025-01-28,400918,RTL,Americano,5,1,2031,0
3148,28,2025-01-28,400918,RTL,"Hot Chocolate",5,2,2784,0
3149,28,2025-01-28,400918,RTL,"Bubble Milk Tea",5,3,6908,0
3153,28,2025-01-28,400919,RTL,Americano,6,1,5568,0
3154,28,2025-01-28,400919,RTL,"Hot Chocolate",6,2,3929,0
3155,28,2025-01-28,400919,RTL,"Bubble Milk Tea",6,3,5201,0
3156,28,2025-01-28,400919,RTL,Americano,2,1,2858,0
3157,28,2025-01-28,400919,RTL,"Hot Chocolate",2,2,12915,0
3158,28,2025-01-28,400919,RTL,"Bubble Milk Tea",2,3,1014,0
3159,28,2025-01-28,400919,RTL,Americano,5,1,3913,0
3160,28,2025-01-28,400919,RTL,"Hot Chocolate",5,2,3082,0
3161,28,2025-01-28,400919,RTL,"Bubble Milk Tea",5,3,3681,0
3162,28,2025-01-28,400919,RTL,Americano,4,1,6760,0
3163,28,2025-01-28,400919,RTL,"Bubble Milk Tea",4,3,7618,0
3164,28,2025-01-28,400919,RTL,Americano,3,1,11094,0
3165,28,2025-01-28,400919,RTL,"Bubble Milk Tea",3,3,10759,0
3166,28,2025-01-28,400919,RTL,Americano,1,1,9556,0
3167,28,2025-01-28,400919,RTL,"Hot Chocolate",1,2,5440,0
3168,28,2025-01-28,400919,RTL,"Bubble Milk Tea",1,3,5134,0
3208,29,2025-01-29,400917,RTL,Americano,7,1,117,0
3209,29,2025-01-29,400917,RTL,"Bubble Milk Tea",7,3,3722,0
3210,29,2025-01-29,400917,RTL,"Hot Chocolate",2,2,1493,0
3211,29,2025-01-29,400917,RTL,"Bubble Milk Tea",5,3,7226,0
3212,29,2025-01-29,400917,RTL,Americano,6,1,262,0
3213,29,2025-01-29,400917,RTL,"Bubble Milk Tea",6,3,1447,0
3217,29,2025-01-29,400918,RTL,Americano,6,1,1325,0
3218,29,2025-01-29,400918,RTL,"Hot Chocolate",6,2,3623,0
3219,29,2025-01-29,400918,RTL,Americano,4,1,502,0
3220,29,2025-01-29,400918,RTL,"Hot Chocolate",4,2,6952,0
3221,29,2025-01-29,400918,RTL,"Bubble Milk Tea",1,3,46,0
3222,29,2025-01-29,400918,RTL,Americano,7,1,97,0
3223,29,2025-01-29,400918,RTL,"Bubble Milk Tea",7,3,3493,0
3224,29,2025-01-29,400918,RTL,Americano,3,1,2364,0
3225,29,2025-01-29,400918,RTL,"Hot Chocolate",3,2,4167,0
3226,29,2025-01-29,400918,RTL,"Bubble Milk Tea",3,3,1358,0
3227,29,2025-01-29,400918,RTL,"Hot Chocolate",5,2,1267,0
3228,29,2025-01-29,400918,RTL,"Bubble Milk Tea",5,3,968,0
3232,29,2025-01-29,400919,RTL,Americano,6,1,4119,0
3233,29,2025-01-29,400919,RTL,"Hot Chocolate",6,2,2675,0
3234,29,2025-01-29,400919,RTL,"Bubble Milk Tea",6,3,1883,0
3235,29,2025-01-29,400919,RTL,"Hot Chocolate",2,2,10086,0
3236,29,2025-01-29,400919,RTL,Americano,5,1,1725,0
3237,29,2025-01-29,400919,RTL,"Hot Chocolate",5,2,1590,0
3238,29,2025-01-29,400919,RTL,"Bubble Milk Tea",5,3,288,0
3239,29,2025-01-29,400919,RTL,Americano,4,1,4440,0
3240,29,2025-01-29,400919,RTL,"Bubble Milk Tea",4,3,3127,0
3241,29,2025-01-29,400919,RTL,Americano,3,1,7692,0
3242,29,2025-01-29,400919,RTL,"Bubble Milk Tea",3,3,5134,0
3243,29,2025-01-29,400919,RTL,Americano,1,1,7876,0
3244,29,2025-01-29,400919,RTL,"Bubble Milk Tea",1,3,5351,0
3295,30,2025-01-30,400917,RTL,"Bubble Milk Tea",7,3,3510,0
3296,30,2025-01-30,400917,RTL,"Hot Chocolate",2,2,774,0
3297,30,2025-01-30,400917,RTL,"Bubble Milk Tea",5,3,5770,0
3302,30,2025-01-30,400918,RTL,Americano,6,1,1201,0
3303,30,2025-01-30,400918,RTL,"Hot Chocolate",6,2,2971,0
3304,30,2025-01-30,400918,RTL,Americano,4,1,307,0
3305,30,2025-01-30,400918,RTL,"Hot Chocolate",4,2,4803,0
3306,30,2025-01-30,400918,RTL,"Bubble Milk Tea",7,3,3443,0
3307,30,2025-01-30,400918,RTL,Americano,3,1,1368,0
3308,30,2025-01-30,400918,RTL,"Hot Chocolate",3,2,3651,0
3309,30,2025-01-30,400918,RTL,"Bubble Milk Tea",3,3,215,0
3310,30,2025-01-30,400918,RTL,"Hot Chocolate",5,2,1042,0
3314,30,2025-01-30,400919,RTL,Americano,6,1,3852,0
3315,30,2025-01-30,400919,RTL,"Hot Chocolate",6,2,1660,0
3316,30,2025-01-30,400919,RTL,"Bubble Milk Tea",6,3,444,0
3317,30,2025-01-30,400919,RTL,"Hot Chocolate",2,2,9470,0
3318,30,2025-01-30,400919,RTL,Americano,5,1,57,0
3319,30,2025-01-30,400919,RTL,"Hot Chocolate",5,2,1087,0
3320,30,2025-01-30,400919,RTL,Americano,4,1,3825,0
3321,30,2025-01-30,400919,RTL,"Bubble Milk Tea",4,3,1484,0
3322,30,2025-01-30,400919,RTL,Americano,3,1,6875,0
3323,30,2025-01-30,400919,RTL,"Bubble Milk Tea",3,3,3633,0
3324,30,2025-01-30,400919,RTL,Americano,1,1,1564,0
3325,30,2025-01-30,400919,RTL,"Bubble Milk Tea",1,3,4513,0
